Source,Target,Weight,Type
2006_0603306,2008_0719090,4,undirected
2006_0603306,2009_0725149,1,undirected
2006_0603306,2011_0721829,2,undirected
2006_0603306,2012_0681675,2,undirected
2006_0603306,2014_0723682,2,undirected
2006_0604231,2010_0654778,1,undirected
2006_0604231,2012_0680729_A1,1,undirected
2006_0604231,2013_0704982,1,undirected
2006_0604231,2014_0722160,2,undirected
2006_0604231,2019_0787405,2,undirected
2006_0604231,2021_0810444,1,undirected
2006_0604231,2023_0849125,6,undirected
2006_0604700,2008_0636424,2,undirected
2006_0604700,2009_0644352,6,undirected
2006_0604700,2012_0686399,3,undirected
2006_0604700,2014_0709610,1,undirected
2006_0605308,2006_0611233,3,undirected
2006_0605308,2008_0636424,1,undirected
2006_0605308,2013_0690270,3,undirected
2006_0605308,2014_0709683,5,undirected
2006_0605308,2016_0745178,3,undirected
2006_0605326,2011_0345656_A1,4,undirected
2006_0605326,2015_0726288,3,undirected
2006_0605326,2022_0830257,3,undirected
2006_0605334,2011_0721876,2,undirected
2006_0605334,2013_0703374,1,undirected
2006_0605334,2014_0722256,1,undirected
2006_0605334,2017_0769021,3,undirected
2006_0605334,2021_0810970,2,undirected
2006_0605505,2007_0615729,2,undirected
2006_0605505,2007_0621272,1,undirected
2006_0605505,2009_0725149,5,undirected
2006_0605505,2012_0693050,3,undirected
2006_0605505,2014_0723682,2,undirected
2006_0605505,2018_0773698,4,undirected
2006_0605505,2018_0782154,1,undirected
2006_0605505,2022_0840512,1,undirected
2006_0606395,2007_0619316,1,undirected
2006_0606395,2008_0719552,4,undirected
2006_0606395,2011_0721875,5,undirected
2006_0606395,2014_0723182,1,undirected
2006_0606600,2008_0629932,3,undirected
2006_0606600,2012_0700125,1,undirected
2006_0606600,2018_0781189,2,undirected
2006_0607538,2010_0654181,3,undirected
2006_0607538,2016_0743837,1,undirected
2006_0607538,2023_0833910,6,undirected
2006_0608369,2009_0721514,2,undirected
2006_0608369,2011_0723240,3,undirected
2006_0608369,2015_0734672,1,undirected
2006_0608369,2015_0738980,1,undirected
2006_0608369,2016_0750850,1,undirected
2006_0608369,2019_0798648,2,undirected
2006_0608782,2009_0646356,2,undirected
2006_0608782,2015_0737594,3,undirected
2006_0608782,2021_0810109,1,undirected
2006_0608990,2007_0621526,6,undirected
2006_0608990,2008_0635587,1,undirected
2006_0608990,2010_0663796,3,undirected
2006_0608990,2011_0678307_A1,3,undirected
2006_0608990,2017_0766477,2,undirected
2006_0608990,2021_0809778,3,undirected
2006_0609028,2008_0632916,1,undirected
2006_0609028,2010_0669183_A1,1,undirected
2006_0609028,2014_0707750,3,undirected
2006_0609028,2017_0756438,4,undirected
2006_0609028,2017_0759636,1,undirected
2006_0609650,2008_0627762,2,undirected
2006_0609650,2009_0645807,4,undirected
2006_0609650,2011_0669831_A1,4,undirected
2006_0609650,2014_0723624,1,undirected
2006_0610004,2008_0628716,1,undirected
2006_0610004,2014_0714271,4,undirected
2006_0610004,2020_0799804,5,undirected
2006_0610033,2007_0619463,3,undirected
2006_0610033,2015_0733028,2,undirected
2006_0610033,2017_0766916,1,undirected
2006_0610204,2006_0612675,1,undirected
2006_0610204,2007_0623397,1,undirected
2006_0610204,2008_0630836,2,undirected
2006_0610204,2011_0678307_A1,2,undirected
2006_0610204,2018_0781189,3,undirected
2006_0610285,2010_0658780,2,undirected
2006_0610285,2018_0782945,3,undirected
2006_0610285,2019_0787405,1,undirected
2006_0610357,2008_0635124,2,undirected
2006_0610357,2012_0725346,1,undirected
2006_0610357,2013_0689940,5,undirected
2006_0610357,2017_0755175,3,undirected
2006_0610357,2019_0789215,2,undirected
2006_0610357,2022_0827264,2,undirected
2006_0610357,2023_0842897,6,undirected
2006_0610632,2009_0645613,1,undirected
2006_0610632,2010_0655349,1,undirected
2006_0610632,2011_0672112_A1,2,undirected
2006_0610632,2012_0686399,1,undirected
2006_0610632,2012_0723275,1,undirected
2006_0610632,2016_0743832,2,undirected
2006_0610632,2018_0774382,6,undirected
2006_0611233,2006_0605308,3,undirected
2006_0611233,2008_0638048,1,undirected
2006_0611233,2013_0690270,2,undirected
2006_0612262,2009_0641393,3,undirected
2006_0612262,2010_0663925,2,undirected
2006_0612262,2012_0702673,3,undirected
2006_0612262,2021_0810916,4,undirected
2006_0612272,2010_0656172,2,undirected
2006_0612272,2015_0736348,1,undirected
2006_0612272,2017_0760943,2,undirected
2006_0612272,2023_0834878,4,undirected
2006_0612675,2006_0610204,1,undirected
2006_0612675,2021_0810690,3,undirected
2006_0612675,2021_0812367,2,undirected
2007_0614376,2008_0632795,2,undirected
2007_0614376,2013_0691686,1,undirected
2007_0614376,2018_0774148,3,undirected
2007_0614711,2009_0641841,3,undirected
2007_0614711,2012_0687383,3,undirected
2007_0614711,2012_0702399,1,undirected
2007_0615202,2011_0721830,1,undirected
2007_0615202,2017_0759636,3,undirected
2007_0615202,2020_0800575,2,undirected
2007_0615389,2008_0628716,2,undirected
2007_0615389,2014_0714271,1,undirected
2007_0615389,2016_0739951,5,undirected
2007_0615389,2017_0755721,1,undirected
2007_0615718,2009_0719783,2,undirected
2007_0615718,2010_0725150,5,undirected
2007_0615718,2012_0680635_A1,2,undirected
2007_0615718,2015_0734672,2,undirected
2007_0615718,2021_0809778,1,undirected
2007_0615718,2023_0836668,1,undirected
2007_0615729,2006_0605505,2,undirected
2007_0615729,2009_0725149,6,undirected
2007_0615729,2010_0724377,1,undirected
2007_0615729,2014_0723682,1,undirected
2007_0615729,2021_0811461,1,undirected
2007_0615729,2022_0822350,2,undirected
2007_0615729,2022_0823199,1,undirected
2007_0616257,2011_0668756_A1,1,undirected
2007_0616257,2013_0691665,5,undirected
2007_0616257,2015_0729113,1,undirected
2007_0616257,2016_0743837,4,undirected
2007_0616257,2016_0748506,1,undirected
2007_0616257,2017_0754893,1,undirected
2007_0616257,2017_0766420,3,undirected
2007_0616257,2017_0767426,3,undirected
2007_0616257,2019_0786696,2,undirected
2007_0616257,2019_0788633,2,undirected
2007_0616257,2020_0799804,2,undirected
2007_0616257,2022_0825992,4,undirected
2007_0616257,2022_0831470,2,undirected
2007_0618425,2008_0635124,4,undirected
2007_0618425,2014_0722160,1,undirected
2007_0618425,2021_0811124,4,undirected
2007_0619316,2006_0606395,1,undirected
2007_0619316,2009_0719783,5,undirected
2007_0619316,2009_0725149,1,undirected
2007_0619316,2011_0721829,3,undirected
2007_0619316,2022_0822350,1,undirected
2007_0619316,2022_0823199,4,undirected
2007_0619463,2006_0610033,3,undirected
2007_0619463,2011_0723240,3,undirected
2007_0619463,2012_0700125,1,undirected
2007_0619463,2016_0751321,3,undirected
2007_0619463,2017_0766916,2,undirected
2007_0619463,2018_0771902,2,undirected
2007_0621235,2008_0638042,1,undirected
2007_0621235,2008_0638784,3,undirected
2007_0621235,2011_0722431,3,undirected
2007_0621272,2006_0605505,1,undirected
2007_0621272,2008_0719090,2,undirected
2007_0621272,2023_0839234,3,undirected
2007_0621526,2006_0608990,6,undirected
2007_0621526,2007_0624813,3,undirected
2007_0621526,2008_0635587,1,undirected
2007_0621526,2009_0642509,3,undirected
2007_0621526,2010_0663681,3,undirected
2007_0621526,2011_0678307_A1,1,undirected
2007_0621526,2011_0723240,2,undirected
2007_0621526,2013_0723716,1,undirected
2007_0621526,2015_0727527,3,undirected
2007_0621526,2015_0735099,3,undirected
2007_0621526,2017_0769218,2,undirected
2007_0621526,2021_0806867,1,undirected
2007_0621526,2021_0810690,2,undirected
2007_0621526,2021_0812367,3,undirected
2007_0622595,2009_0721514,3,undirected
2007_0622595,2010_0725150,5,undirected
2007_0622595,2011_0674372_A1,2,undirected
2007_0622595,2011_0723240,3,undirected
2007_0622595,2014_0723622,3,undirected
2007_0622595,2016_0741744,2,undirected
2007_0622595,2017_0766916,1,undirected
2007_0623397,2006_0610204,1,undirected
2007_0623397,2008_0629932,2,undirected
2007_0623397,2017_0760943,1,undirected
2007_0623397,2018_0781189,3,undirected
2007_0624813,2007_0621526,3,undirected
2007_0624813,2011_0723240,2,undirected
2007_0624813,2023_0834878,1,undirected
2007_0626143,2011_0677018_A1,1,undirected
2007_0626143,2014_0723631,2,undirected
2007_0626143,2020_0800575,3,undirected
2007_0626526,2008_0632795,2,undirected
2007_0626526,2011_0721877,2,undirected
2007_0626526,2022_0825991,2,undirected
2007_0626526,2023_0842479,4,undirected
2007_0628636,2008_0635667,2,undirected
2007_0628636,2011_0678343_A1,5,undirected
2007_0628636,2016_0745000,2,undirected
2007_0628636,2016_0745178,2,undirected
2007_0628636,2018_0783354,6,undirected
2007_0628636,2019_0795604,4,undirected
2008_0627762,2006_0609650,2,undirected
2008_0627762,2009_0645807,3,undirected
2008_0627762,2011_0669831_A1,1,undirected
2008_0627962,2011_0680884_A1,1,undirected
2008_0627962,2020_0800575,2,undirected
2008_0627962,2021_0809309,3,undirected
2008_0628716,2006_0610004,1,undirected
2008_0628716,2007_0615389,2,undirected
2008_0628716,2010_0669183_A1,3,undirected
2008_0628716,2011_0668451_A1,2,undirected
2008_0628716,2014_0717457,3,undirected
2008_0628716,2021_0820685,3,undirected
2008_0628716,2023_0848268,6,undirected
2008_0628716,2023_0849461,4,undirected
2008_0629932,2006_0606600,3,undirected
2008_0629932,2007_0623397,2,undirected
2008_0629932,2008_0635587,4,undirected
2008_0629932,2008_0638042,2,undirected
2008_0629932,2011_0674294_A1,3,undirected
2008_0629932,2011_0723240,2,undirected
2008_0629932,2012_0687383,3,undirected
2008_0629932,2019_0789676,2,undirected
2008_0629932,2019_0791321,4,undirected
2008_0629932,2023_0834137,3,undirected
2008_0630836,2006_0610204,2,undirected
2008_0630836,2010_0656172,1,undirected
2008_0630836,2011_0674294_A1,1,undirected
2008_0630836,2011_0723240,1,undirected
2008_0630836,2013_0689534,1,undirected
2008_0630836,2013_0690159,2,undirected
2008_0630836,2015_0738980,2,undirected
2008_0630836,2019_0787271,2,undirected
2008_0630836,2019_0791321,3,undirected
2008_0630836,2020_0805981,1,undirected
2008_0632795,2007_0614376,2,undirected
2008_0632795,2007_0626526,2,undirected
2008_0632795,2014_0723775,1,undirected
2008_0632795,2023_0842479,3,undirected
2008_0632916,2006_0609028,1,undirected
2008_0632916,2009_0650966,3,undirected
2008_0632916,2010_0657628,2,undirected
2008_0635124,2006_0610357,2,undirected
2008_0635124,2007_0618425,4,undirected
2008_0635124,2010_0662860,2,undirected
2008_0635124,2013_0704982,3,undirected
2008_0635124,2015_0729792,1,undirected
2008_0635124,2023_0842897,3,undirected
2008_0635587,2006_0608990,1,undirected
2008_0635587,2007_0621526,1,undirected
2008_0635587,2008_0629932,4,undirected
2008_0635587,2009_0641033,2,undirected
2008_0635587,2009_0650966,1,undirected
2008_0635587,2012_0702399,3,undirected
2008_0635587,2013_0705158,3,undirected
2008_0635587,2015_0729496,1,undirected
2008_0635587,2015_0733028,4,undirected
2008_0635587,2015_0738980,4,undirected
2008_0635587,2017_0755849,3,undirected
2008_0635587,2017_0757806,3,undirected
2008_0635587,2017_0759014,3,undirected
2008_0635587,2019_0788753,2,undirected
2008_0635587,2019_0795031,3,undirected
2008_0635587,2021_0811124,1,undirected
2008_0635587,2022_0824040,2,undirected
2008_0635667,2007_0628636,2,undirected
2008_0635667,2010_0655349,1,undirected
2008_0635667,2022_0821775,2,undirected
2008_0635667,2022_0833220,3,undirected
2008_0636424,2006_0604700,2,undirected
2008_0636424,2006_0605308,1,undirected
2008_0636424,2009_0644352,1,undirected
2008_0636424,2009_0649805,2,undirected
2008_0636424,2013_0690270,6,undirected
2008_0636424,2015_0729113,2,undirected
2008_0636424,2015_0738360,1,undirected
2008_0636424,2016_0745369,5,undirected
2008_0636424,2016_0752018,2,undirected
2008_0636424,2017_0755178,1,undirected
2008_0636424,2019_0788573,2,undirected
2008_0636424,2019_0788633,1,undirected
2008_0636424,2021_0813136,2,undirected
2008_0636424,2022_0821775,3,undirected
2008_0638042,2007_0621235,1,undirected
2008_0638042,2008_0629932,2,undirected
2008_0638042,2011_0723240,3,undirected
2008_0638042,2012_0679629_A1,3,undirected
2008_0638042,2018_0771902,1,undirected
2008_0638048,2006_0611233,1,undirected
2008_0638048,2009_0646061,1,undirected
2008_0638048,2011_0721877,4,undirected
2008_0638048,2012_0702670,2,undirected
2008_0638048,2015_0727430,1,undirected
2008_0638048,2019_0797166,1,undirected
2008_0638048,2022_0831983,2,undirected
2008_0638784,2007_0621235,3,undirected
2008_0638784,2009_0644523,2,undirected
2008_0638784,2009_0650836,3,undirected
2008_0719090,2006_0603306,4,undirected
2008_0719090,2007_0621272,2,undirected
2008_0719090,2011_0721829,1,undirected
2008_0719090,2011_0721831,2,undirected
2008_0719090,2013_0723719,3,undirected
2008_0719090,2014_0723682,6,undirected
2008_0719090,2023_0840793,5,undirected
2008_0719552,2006_0606395,4,undirected
2008_0719552,2011_0721875,6,undirected
2008_0719552,2014_0723622,1,undirected
2009_0638953,2011_0677018_A1,6,undirected
2009_0638953,2013_0688135,1,undirected
2009_0638953,2016_0744652,3,undirected
2009_0638953,2022_0828496,1,undirected
2009_0641033,2008_0635587,2,undirected
2009_0641033,2011_0723240,3,undirected
2009_0641033,2017_0760943,1,undirected
2009_0641393,2006_0612262,3,undirected
2009_0641393,2011_0680884_A1,2,undirected
2009_0641393,2011_0721876,6,undirected
2009_0641393,2012_0702670,1,undirected
2009_0641393,2016_0745038,2,undirected
2009_0641841,2007_0614711,3,undirected
2009_0641841,2013_0705158,3,undirected
2009_0641841,2018_0783844,3,undirected
2009_0642509,2007_0621526,3,undirected
2009_0642509,2011_0675656_A1,3,undirected
2009_0642509,2013_0694570,2,undirected
2009_0642509,2015_0727527,1,undirected
2009_0642509,2021_0812367,1,undirected
2009_0643199,2009_0645539,6,undirected
2009_0643199,2013_0703374,3,undirected
2009_0643199,2016_0750760,3,undirected
2009_0643199,2017_0756438,5,undirected
2009_0643887,2009_0644352,2,undirected
2009_0643887,2014_0709610,3,undirected
2009_0643887,2018_0773000,1,undirected
2009_0644116,2010_0657628,5,undirected
2009_0644116,2010_0663681,2,undirected
2009_0644116,2021_0806629,1,undirected
2009_0644116,2021_0810916,1,undirected
2009_0644352,2006_0604700,6,undirected
2009_0644352,2008_0636424,1,undirected
2009_0644352,2009_0643887,2,undirected
2009_0644352,2013_0700961,4,undirected
2009_0644352,2022_0828322,3,undirected
2009_0644523,2008_0638784,2,undirected
2009_0644523,2011_0722431,1,undirected
2009_0644523,2011_0723240,2,undirected
2009_0644523,2012_0678191_A1,6,undirected
2009_0644523,2015_0724690,3,undirected
2009_0644523,2015_0726288,2,undirected
2009_0644523,2016_0750850,2,undirected
2009_0644523,2016_0751977,1,undirected
2009_0644523,2019_0796765,1,undirected
2009_0644523,2019_0798648,1,undirected
2009_0644523,2020_0806040,1,undirected
2009_0644523,2022_0833151,2,undirected
2009_0645539,2009_0643199,6,undirected
2009_0645539,2010_0664580,3,undirected
2009_0645539,2017_0760468,1,undirected
2009_0645539,2017_0767624,3,undirected
2009_0645539,2019_0787655,2,undirected
2009_0645613,2006_0610632,1,undirected
2009_0645613,2010_0725141,2,undirected
2009_0645613,2022_0825992,3,undirected
2009_0645807,2006_0609650,4,undirected
2009_0645807,2008_0627762,3,undirected
2009_0645807,2012_0678191_A1,1,undirected
2009_0645807,2014_0723624,5,undirected
2009_0645807,2014_0723628,2,undirected
2009_0645807,2016_0751977,5,undirected
2009_0645807,2021_0809997,3,undirected
2009_0645807,2022_0829243,3,undirected
2009_0646061,2008_0638048,1,undirected
2009_0646061,2009_0646061,6,undirected
2009_0646061,2010_0725143,3,undirected
2009_0646061,2017_0754206,4,undirected
2009_0646061,2018_0782592,2,undirected
2009_0646356,2006_0608782,2,undirected
2009_0646356,2010_0660550,1,undirected
2009_0646356,2011_0675808_A1,2,undirected
2009_0646356,2011_0723240,1,undirected
2009_0646356,2013_0699591,3,undirected
2009_0646356,2023_0834878,3,undirected
2009_0649805,2008_0636424,2,undirected
2009_0649805,2013_0691810,2,undirected
2009_0649805,2014_0709683,5,undirected
2009_0649805,2015_0729372,1,undirected
2009_0649805,2016_0745178,1,undirected
2009_0649805,2018_0778044,3,undirected
2009_0650836,2008_0638784,3,undirected
2009_0650836,2009_0721514,2,undirected
2009_0650836,2011_0722431,1,undirected
2009_0650836,2012_0678191_A1,3,undirected
2009_0650836,2016_0745634,3,undirected
2009_0650966,2008_0632916,3,undirected
2009_0650966,2008_0635587,1,undirected
2009_0650966,2012_0687383,2,undirected
2009_0650966,2015_0733028,3,undirected
2009_0651849,2012_0681212_A1,3,undirected
2009_0651849,2013_0693987,4,undirected
2009_0651849,2015_0737594,1,undirected
2009_0651849,2023_0849125,4,undirected
2009_0651949,2010_0654778,6,undirected
2009_0651949,2015_0729917,2,undirected
2009_0651949,2017_0767624,3,undirected
2009_0651972,2011_0674921_A1,5,undirected
2009_0651972,2015_0724109,1,undirected
2009_0651972,2018_0774148,5,undirected
2009_0651972,2019_0788633,1,undirected
2009_0719782,2009_0719782,6,undirected
2009_0719782,2010_0725143,2,undirected
2009_0719782,2017_0754206,3,undirected
2009_0719782,2018_0782592,1,undirected
2009_0719783,2007_0615718,2,undirected
2009_0719783,2007_0619316,5,undirected
2009_0719783,2010_0725150,1,undirected
2009_0719783,2011_0674722_A1,3,undirected
2009_0719783,2011_0721875,1,undirected
2009_0719783,2011_0723240,1,undirected
2009_0719783,2013_0705158,1,undirected
2009_0719783,2016_0745008,1,undirected
2009_0719783,2022_0823199,6,undirected
2009_0719783,2023_0847028,1,undirected
2009_0721514,2006_0608369,2,undirected
2009_0721514,2007_0622595,3,undirected
2009_0721514,2009_0650836,2,undirected
2009_0721514,2011_0674722_A1,2,undirected
2009_0721514,2011_0723240,3,undirected
2009_0721514,2014_0723622,2,undirected
2009_0721514,2019_0791321,1,undirected
2009_0725149,2006_0603306,1,undirected
2009_0725149,2006_0605505,5,undirected
2009_0725149,2007_0615729,6,undirected
2009_0725149,2007_0619316,1,undirected
2009_0725149,2010_0724377,3,undirected
2009_0725149,2014_0723682,1,undirected
2009_0725149,2014_0723816,2,undirected
2009_0725149,2022_0822350,3,undirected
2010_0654181,2006_0607538,3,undirected
2010_0654181,2012_0697321,1,undirected
2010_0654181,2013_0691665,2,undirected
2010_0654181,2016_0743837,3,undirected
2010_0654181,2019_0799805,2,undirected
2010_0654778,2006_0604231,1,undirected
2010_0654778,2009_0651949,6,undirected
2010_0654778,2016_0749658,1,undirected
2010_0654778,2016_0750717,1,undirected
2010_0654778,2018_0773000,5,undirected
2010_0655349,2006_0610632,1,undirected
2010_0655349,2008_0635667,1,undirected
2010_0655349,2016_0744196,3,undirected
2010_0655349,2019_0795604,1,undirected
2010_0655349,2021_0811461,6,undirected
2010_0655349,2022_0833220,2,undirected
2010_0656172,2006_0612272,2,undirected
2010_0656172,2008_0630836,1,undirected
2010_0656172,2010_0660550,2,undirected
2010_0656172,2015_0736348,3,undirected
2010_0656183,2011_0721877,1,undirected
2010_0656183,2012_0723274,2,undirected
2010_0656183,2014_0723631,6,undirected
2010_0656183,2015_0724768,1,undirected
2010_0656183,2022_0826596,2,undirected
2010_0657628,2008_0632916,2,undirected
2010_0657628,2009_0644116,5,undirected
2010_0657628,2012_0679629_A1,4,undirected
2010_0657628,2017_0768151,1,undirected
2010_0657687,2012_0725346,3,undirected
2010_0657687,2014_0722160,2,undirected
2010_0657687,2014_0722256,5,undirected
2010_0657687,2015_0726288,4,undirected
2010_0657687,2015_0737594,2,undirected
2010_0657687,2019_0787508,3,undirected
2010_0657687,2022_0823755,3,undirected
2010_0657762,2015_0737594,2,undirected
2010_0657762,2018_0783354,5,undirected
2010_0657762,2021_0811124,1,undirected
2010_0658130,2010_0661224,2,undirected
2010_0658130,2017_0755178,1,undirected
2010_0658130,2017_0767426,3,undirected
2010_0658130,2022_0830686,2,undirected
2010_0658176,2010_0662860,4,undirected
2010_0658176,2013_0693229,2,undirected
2010_0658176,2013_0704982,2,undirected
2010_0658176,2017_0754148,6,undirected
2010_0658176,2017_0755725,1,undirected
2010_0658176,2021_0819011,2,undirected
2010_0658780,2006_0610285,2,undirected
2010_0658780,2012_0687383,2,undirected
2010_0658780,2012_0702399,3,undirected
2010_0658780,2013_0693987,4,undirected
2010_0658780,2021_0810193,3,undirected
2010_0660010,2013_0691810,6,undirected
2010_0660010,2014_0714083,1,undirected
2010_0660010,2015_0725621,2,undirected
2010_0660010,2016_0739951,1,undirected
2010_0660010,2021_0810691,5,undirected
2010_0660550,2009_0646356,1,undirected
2010_0660550,2010_0656172,2,undirected
2010_0660550,2011_0675808_A1,6,undirected
2010_0660550,2018_0778044,1,undirected
2010_0661224,2010_0658130,2,undirected
2010_0661224,2015_0738522,1,undirected
2010_0661224,2019_0787405,3,undirected
2010_0662860,2008_0635124,2,undirected
2010_0662860,2010_0658176,4,undirected
2010_0662860,2011_0345656_A1,2,undirected
2010_0663681,2007_0621526,3,undirected
2010_0663681,2009_0644116,2,undirected
2010_0663681,2013_0694570,1,undirected
2010_0663681,2015_0735099,1,undirected
2010_0663681,2021_0809778,2,undirected
2010_0663796,2006_0608990,3,undirected
2010_0663796,2011_0673859_A1,1,undirected
2010_0663796,2017_0758877,4,undirected
2010_0663925,2006_0612262,2,undirected
2010_0663925,2016_0746109,1,undirected
2010_0663925,2019_0788633,3,undirected
2010_0663925,2020_0804810,3,undirected
2010_0664580,2009_0645539,3,undirected
2010_0664580,2018_0783354,1,undirected
2010_0664580,2019_0795604,3,undirected
2010_0665312,2013_0691557,4,undirected
2010_0665312,2015_0726288,1,undirected
2010_0665312,2015_0733108,1,undirected
2010_0665312,2016_0753549,2,undirected
2010_0665312,2018_0771782,2,undirected
2010_0665553,2016_0752780,3,undirected
2010_0665553,2019_0788753,3,undirected
2010_0665553,2022_0828496,4,undirected
2010_0669183_A1,2006_0609028,1,undirected
2010_0669183_A1,2008_0628716,3,undirected
2010_0669183_A1,2016_0752018,2,undirected
2010_0724377,2007_0615729,1,undirected
2010_0724377,2009_0725149,3,undirected
2010_0724377,2012_0687085,3,undirected
2010_0724377,2014_0723682,2,undirected
2010_0724378,2014_0723625,3,undirected
2010_0724378,2014_0723682,1,undirected
2010_0724378,2014_0723684,1,undirected
2010_0724378,2015_0742504,3,undirected
2010_0724378,2017_0766160,1,undirected
2010_0724378,2022_0825991,3,undirected
2010_0724378,2022_0831982,3,undirected
2010_0724378,2022_0833509,1,undirected
2010_0724378,2023_0839234,2,undirected
2010_0725141,2009_0645613,2,undirected
2010_0725141,2012_0702670,2,undirected
2010_0725141,2012_0725358,1,undirected
2010_0725141,2014_0723631,3,undirected
2010_0725143,2009_0646061,3,undirected
2010_0725143,2009_0719782,2,undirected
2010_0725143,2012_0702670,5,undirected
2010_0725143,2013_0690270,2,undirected
2010_0725143,2013_0696088,2,undirected
2010_0725150,2007_0615718,5,undirected
2010_0725150,2007_0622595,5,undirected
2010_0725150,2009_0719783,1,undirected
2010_0725150,2023_0836668,3,undirected
2011_0345656_A1,2006_0605326,4,undirected
2011_0345656_A1,2010_0662860,2,undirected
2011_0345656_A1,2017_0758935,2,undirected
2011_0668451_A1,2008_0628716,2,undirected
2011_0668451_A1,2011_0668756_A1,3,undirected
2011_0668451_A1,2015_0729917,4,undirected
2011_0668451_A1,2021_0813092,1,undirected
2011_0668756_A1,2007_0616257,1,undirected
2011_0668756_A1,2011_0668451_A1,3,undirected
2011_0668756_A1,2012_0681675,2,undirected
2011_0669771_A1,2017_0758877,1,undirected
2011_0669771_A1,2019_0787508,2,undirected
2011_0669771_A1,2019_0797166,4,undirected
2011_0669771_A1,2020_0801014,3,undirected
2011_0669831_A1,2006_0609650,4,undirected
2011_0669831_A1,2008_0627762,1,undirected
2011_0669831_A1,2011_0721876,1,undirected
2011_0669831_A1,2014_0723624,4,undirected
2011_0669831_A1,2015_0738993,1,undirected
2011_0669831_A1,2016_0751977,2,undirected
2011_0669831_A1,2016_0753223,3,undirected
2011_0669831_A1,2019_0796765,3,undirected
2011_0672112_A1,2006_0610632,2,undirected
2011_0672112_A1,2013_0696151,1,undirected
2011_0672112_A1,2014_0723625,3,undirected
2011_0672112_A1,2021_0813092,2,undirected
2011_0673859_A1,2010_0663796,1,undirected
2011_0673859_A1,2013_0691665,3,undirected
2011_0673859_A1,2017_0756238,1,undirected
2011_0673859_A1,2017_0767426,4,undirected
2011_0674294_A1,2008_0629932,3,undirected
2011_0674294_A1,2008_0630836,1,undirected
2011_0674294_A1,2011_0723240,2,undirected
2011_0674372_A1,2007_0622595,2,undirected
2011_0674372_A1,2013_0723770,1,undirected
2011_0674372_A1,2017_0769021,6,undirected
2011_0674722_A1,2009_0719783,3,undirected
2011_0674722_A1,2009_0721514,2,undirected
2011_0674722_A1,2013_0705158,1,undirected
2011_0674921_A1,2009_0651972,5,undirected
2011_0674921_A1,2012_0693050,1,undirected
2011_0674921_A1,2016_0745369,1,undirected
2011_0674921_A1,2019_0788633,6,undirected
2011_0675656_A1,2009_0642509,3,undirected
2011_0675656_A1,2015_0738980,3,undirected
2011_0675656_A1,2018_0781189,2,undirected
2011_0675808_A1,2009_0646356,2,undirected
2011_0675808_A1,2010_0660550,6,undirected
2011_0675808_A1,2018_0781143,4,undirected
2011_0676189_A1,2014_0717058,1,undirected
2011_0676189_A1,2017_0754540,6,undirected
2011_0676189_A1,2018_0772467,4,undirected
2011_0676189_A1,2022_0830828,3,undirected
2011_0676418_A1,2016_0749658,5,undirected
2011_0676418_A1,2019_0791109,1,undirected
2011_0676418_A1,2021_0817829,2,undirected
2011_0677018_A1,2007_0626143,1,undirected
2011_0677018_A1,2009_0638953,6,undirected
2011_0677018_A1,2015_0738522,2,undirected
2011_0677018_A1,2019_0788816,1,undirected
2011_0677018_A1,2020_0800575,2,undirected
2011_0677018_A1,2021_0810691,2,undirected
2011_0677018_A1,2022_0828496,3,undirected
2011_0678307_A1,2006_0608990,3,undirected
2011_0678307_A1,2006_0610204,2,undirected
2011_0678307_A1,2007_0621526,1,undirected
2011_0678343_A1,2007_0628636,5,undirected
2011_0678343_A1,2011_0721877,2,undirected
2011_0678343_A1,2018_0783354,2,undirected
2011_0680884_A1,2008_0627962,1,undirected
2011_0680884_A1,2009_0641393,2,undirected
2011_0680884_A1,2011_0721877,3,undirected
2011_0680884_A1,2012_0702670,2,undirected
2011_0680884_A1,2012_0704800,2,undirected
2011_0680884_A1,2014_0723684,3,undirected
2011_0680884_A1,2016_0745369,1,undirected
2011_0680884_A1,2023_0842479,3,undirected
2011_0721829,2006_0603306,2,undirected
2011_0721829,2007_0619316,3,undirected
2011_0721829,2008_0719090,1,undirected
2011_0721830,2007_0615202,1,undirected
2011_0721830,2013_0690270,2,undirected
2011_0721830,2015_0733108,2,undirected
2011_0721830,2016_0745369,1,undirected
2011_0721830,2020_0800575,5,undirected
2011_0721831,2008_0719090,2,undirected
2011_0721831,2013_0723683,1,undirected
2011_0721831,2013_0723719,2,undirected
2011_0721831,2014_0723682,3,undirected
2011_0721831,2023_0834980,3,undirected
2011_0721875,2006_0606395,5,undirected
2011_0721875,2008_0719552,6,undirected
2011_0721875,2009_0719783,1,undirected
2011_0721875,2023_0836668,2,undirected
2011_0721876,2006_0605334,2,undirected
2011_0721876,2009_0641393,6,undirected
2011_0721876,2011_0669831_A1,1,undirected
2011_0721877,2007_0626526,2,undirected
2011_0721877,2008_0638048,4,undirected
2011_0721877,2010_0656183,1,undirected
2011_0721877,2011_0678343_A1,2,undirected
2011_0721877,2011_0680884_A1,3,undirected
2011_0721877,2012_0702670,6,undirected
2011_0721877,2014_0723631,1,undirected
2011_0721877,2018_0782592,3,undirected
2011_0721877,2021_0813410,2,undirected
2011_0721877,2022_0821775,1,undirected
2011_0721877,2022_0824284,3,undirected
2011_0721877,2022_0831983,1,undirected
2011_0721877,2023_0842479,3,undirected
2011_0722431,2007_0621235,3,undirected
2011_0722431,2009_0644523,1,undirected
2011_0722431,2009_0650836,1,undirected
2011_0722431,2011_0723240,3,undirected
2011_0722431,2012_0700125,2,undirected
2011_0722431,2013_0723770,1,undirected
2011_0722431,2019_0787271,1,undirected
2011_0723240,2006_0608369,3,undirected
2011_0723240,2007_0619463,3,undirected
2011_0723240,2007_0621526,2,undirected
2011_0723240,2007_0622595,3,undirected
2011_0723240,2007_0624813,2,undirected
2011_0723240,2008_0629932,2,undirected
2011_0723240,2008_0630836,1,undirected
2011_0723240,2008_0638042,3,undirected
2011_0723240,2009_0641033,3,undirected
2011_0723240,2009_0644523,2,undirected
2011_0723240,2009_0646356,1,undirected
2011_0723240,2009_0719783,1,undirected
2011_0723240,2009_0721514,3,undirected
2011_0723240,2011_0674294_A1,2,undirected
2011_0723240,2011_0722431,3,undirected
2011_0723240,2012_0680635_A1,1,undirected
2011_0723240,2012_0700125,6,undirected
2011_0723240,2013_0723770,2,undirected
2011_0723240,2014_0723622,1,undirected
2011_0723240,2014_0723630,2,undirected
2011_0723240,2015_0733028,2,undirected
2011_0723240,2015_0736348,3,undirected
2011_0723240,2015_0738980,3,undirected
2011_0723240,2016_0744640,2,undirected
2011_0723240,2016_0751321,2,undirected
2011_0723240,2016_0751449,1,undirected
2011_0723240,2017_0760943,3,undirected
2011_0723240,2017_0766916,3,undirected
2011_0723240,2017_0767425,1,undirected
2011_0723240,2017_0769218,1,undirected
2011_0723240,2018_0771902,4,undirected
2011_0723240,2018_0780757,3,undirected
2011_0723240,2018_0781189,1,undirected
2011_0723240,2019_0791321,5,undirected
2011_0723240,2020_0800784,2,undirected
2011_0723240,2020_0802619,3,undirected
2011_0723240,2021_0809778,2,undirected
2011_0723240,2021_0810690,3,undirected
2011_0723240,2021_0812367,1,undirected
2011_0723240,2023_0834775,2,undirected
2011_0723240,2023_0834878,2,undirected
2011_0723240,2023_0847028,3,undirected
2011_0723240,2023_0849882,3,undirected
2012_0678191_A1,2009_0644523,6,undirected
2012_0678191_A1,2009_0645807,1,undirected
2012_0678191_A1,2009_0650836,3,undirected
2012_0678191_A1,2014_0723624,2,undirected
2012_0678191_A1,2014_0723628,1,undirected
2012_0679629_A1,2008_0638042,3,undirected
2012_0679629_A1,2010_0657628,4,undirected
2012_0679629_A1,2014_0720791,2,undirected
2012_0679629_A1,2017_0757806,2,undirected
2012_0679636_A1,2012_0680719_A1,2,undirected
2012_0679636_A1,2015_0726288,3,undirected
2012_0679636_A1,2015_0735644,1,undirected
2012_0680635_A1,2007_0615718,2,undirected
2012_0680635_A1,2011_0723240,1,undirected
2012_0680635_A1,2015_0738980,3,undirected
2012_0680635_A1,2019_0795031,1,undirected
2012_0680719_A1,2012_0679636_A1,2,undirected
2012_0680719_A1,2013_0703374,6,undirected
2012_0680719_A1,2015_0727430,2,undirected
2012_0680719_A1,2019_0786696,2,undirected
2012_0680729_A1,2006_0604231,1,undirected
2012_0680729_A1,2015_0725033,2,undirected
2012_0680729_A1,2018_0773000,3,undirected
2012_0681212_A1,2009_0651849,3,undirected
2012_0681212_A1,2013_0693987,1,undirected
2012_0681212_A1,2017_0756238,2,undirected
2012_0681675,2006_0603306,2,undirected
2012_0681675,2011_0668756_A1,2,undirected
2012_0681675,2013_0723683,1,undirected
2012_0681675,2014_0723625,3,undirected
2012_0681675,2023_0834980,1,undirected
2012_0686399,2006_0604700,3,undirected
2012_0686399,2006_0610632,1,undirected
2012_0686399,2012_0723274,2,undirected
2012_0687085,2010_0724377,3,undirected
2012_0687085,2014_0716134,2,undirected
2012_0687085,2016_0745634,3,undirected
2012_0687383,2007_0614711,3,undirected
2012_0687383,2008_0629932,3,undirected
2012_0687383,2009_0650966,2,undirected
2012_0687383,2010_0658780,2,undirected
2012_0687383,2012_0702399,2,undirected
2012_0687383,2015_0733028,1,undirected
2012_0687383,2017_0766419,1,undirected
2012_0693050,2006_0605505,3,undirected
2012_0693050,2011_0674921_A1,1,undirected
2012_0693050,2014_0708926,1,undirected
2012_0693050,2016_0740516,2,undirected
2012_0697321,2010_0654181,1,undirected
2012_0697321,2014_0714083,2,undirected
2012_0697321,2015_0729113,6,undirected
2012_0700125,2006_0606600,1,undirected
2012_0700125,2007_0619463,1,undirected
2012_0700125,2011_0722431,2,undirected
2012_0700125,2011_0723240,6,undirected
2012_0700125,2012_0725346,3,undirected
2012_0700125,2013_0689940,1,undirected
2012_0700125,2014_0722256,2,undirected
2012_0700125,2014_0723630,1,undirected
2012_0700125,2015_0736348,2,undirected
2012_0700125,2015_0738980,1,undirected
2012_0700125,2017_0760943,4,undirected
2012_0700125,2018_0771902,2,undirected
2012_0700125,2018_0782945,1,undirected
2012_0700125,2020_0800784,1,undirected
2012_0700125,2020_0802619,2,undirected
2012_0700125,2023_0842897,1,undirected
2012_0701956,2013_0691665,3,undirected
2012_0701956,2017_0756238,1,undirected
2012_0701956,2023_0835764,4,undirected
2012_0702399,2007_0614711,1,undirected
2012_0702399,2008_0635587,3,undirected
2012_0702399,2010_0658780,3,undirected
2012_0702399,2012_0687383,2,undirected
2012_0702399,2013_0705158,1,undirected
2012_0702399,2015_0729293,3,undirected
2012_0702399,2015_0729496,3,undirected
2012_0702399,2023_0834775,2,undirected
2012_0702670,2008_0638048,2,undirected
2012_0702670,2009_0641393,1,undirected
2012_0702670,2010_0725141,2,undirected
2012_0702670,2010_0725143,5,undirected
2012_0702670,2011_0680884_A1,2,undirected
2012_0702670,2011_0721877,6,undirected
2012_0702670,2012_0704800,1,undirected
2012_0702670,2013_0696088,3,undirected
2012_0702670,2014_0723631,2,undirected
2012_0702670,2017_0754206,4,undirected
2012_0702670,2022_0824284,1,undirected
2012_0702673,2006_0612262,3,undirected
2012_0702673,2018_0773919,4,undirected
2012_0702673,2021_0810916,1,undirected
2012_0704800,2011_0680884_A1,2,undirected
2012_0704800,2012_0702670,1,undirected
2012_0704800,2017_0754206,3,undirected
2012_0723274,2010_0656183,2,undirected
2012_0723274,2012_0686399,2,undirected
2012_0723274,2012_0723724,3,undirected
2012_0723274,2013_0696151,2,undirected
2012_0723274,2014_0718562,5,undirected
2012_0723274,2014_0723715,3,undirected
2012_0723274,2016_0743832,2,undirected
2012_0723274,2019_0793046,1,undirected
2012_0723275,2006_0610632,1,undirected
2012_0723275,2012_0723276,4,undirected
2012_0723275,2014_0723625,3,undirected
2012_0723275,2014_0723715,3,undirected
2012_0723275,2015_0742433,1,undirected
2012_0723275,2018_0783905,2,undirected
2012_0723275,2021_0812002,4,undirected
2012_0723275,2021_0813616,1,undirected
2012_0723276,2012_0723275,4,undirected
2012_0723276,2013_0696151,3,undirected
2012_0723276,2013_0723683,3,undirected
2012_0723276,2014_0723625,2,undirected
2012_0723276,2014_0723682,5,undirected
2012_0723276,2014_0723715,5,undirected
2012_0723276,2021_0813410,1,undirected
2012_0723724,2012_0723274,3,undirected
2012_0723724,2014_0716134,2,undirected
2012_0723724,2018_0782154,1,undirected
2012_0723724,2021_0809815,2,undirected
2012_0725346,2006_0610357,1,undirected
2012_0725346,2010_0657687,3,undirected
2012_0725346,2012_0700125,3,undirected
2012_0725346,2015_0729792,2,undirected
2012_0725346,2015_0733354,2,undirected
2012_0725346,2015_0736348,1,undirected
2012_0725346,2017_0759734,2,undirected
2012_0725346,2023_0842897,4,undirected
2012_0725358,2010_0725141,1,undirected
2012_0725358,2014_0723631,2,undirected
2012_0725358,2021_0809815,1,undirected
2012_0725358,2021_0812002,3,undirected
2013_0688135,2009_0638953,1,undirected
2013_0688135,2013_0691686,3,undirected
2013_0688135,2014_0708925,6,undirected
2013_0688135,2016_0743837,1,undirected
2013_0688135,2018_0775415,2,undirected
2013_0689275,2017_0759014,2,undirected
2013_0689275,2017_0769218,3,undirected
2013_0689275,2019_0795031,1,undirected
2013_0689534,2008_0630836,1,undirected
2013_0689534,2018_0774506,2,undirected
2013_0689534,2020_0805981,3,undirected
2013_0689534,2021_0809778,3,undirected
2013_0689940,2006_0610357,5,undirected
2013_0689940,2012_0700125,1,undirected
2013_0689940,2015_0736348,2,undirected
2013_0689940,2017_0755175,1,undirected
2013_0690159,2008_0630836,2,undirected
2013_0690159,2014_0717058,3,undirected
2013_0690159,2019_0791321,1,undirected
2013_0690159,2021_0812367,3,undirected
2013_0690270,2006_0605308,3,undirected
2013_0690270,2006_0611233,2,undirected
2013_0690270,2008_0636424,6,undirected
2013_0690270,2010_0725143,2,undirected
2013_0690270,2011_0721830,2,undirected
2013_0690270,2014_0708925,2,undirected
2013_0690270,2014_0713809,4,undirected
2013_0690270,2014_0714083,2,undirected
2013_0690270,2015_0733108,3,undirected
2013_0690270,2015_0738522,1,undirected
2013_0690270,2017_0755178,3,undirected
2013_0690270,2017_0758935,3,undirected
2013_0690270,2018_0771782,1,undirected
2013_0690270,2020_0800575,3,undirected
2013_0690270,2020_0801014,3,undirected
2013_0690270,2022_0821801,1,undirected
2013_0690834,2014_0714729,2,undirected
2013_0690834,2017_0756238,2,undirected
2013_0690834,2017_0766160,1,undirected
2013_0690834,2017_0767624,6,undirected
2013_0690834,2020_0799804,1,undirected
2013_0690834,2021_0809996,2,undirected
2013_0690834,2021_0816493,1,undirected
2013_0691557,2010_0665312,4,undirected
2013_0691557,2013_0705006,3,undirected
2013_0691557,2015_0726288,3,undirected
2013_0691557,2016_0753549,3,undirected
2013_0691557,2017_0769021,5,undirected
2013_0691665,2007_0616257,5,undirected
2013_0691665,2010_0654181,2,undirected
2013_0691665,2011_0673859_A1,3,undirected
2013_0691665,2012_0701956,3,undirected
2013_0691665,2014_0716134,3,undirected
2013_0691665,2016_0740516,3,undirected
2013_0691665,2017_0754893,2,undirected
2013_0691665,2017_0756238,2,undirected
2013_0691665,2018_0775415,1,undirected
2013_0691665,2019_0793046,3,undirected
2013_0691665,2021_0815690,5,undirected
2013_0691686,2007_0614376,1,undirected
2013_0691686,2013_0688135,3,undirected
2013_0691686,2017_0754148,1,undirected
2013_0691686,2018_0774382,2,undirected
2013_0691810,2009_0649805,2,undirected
2013_0691810,2010_0660010,6,undirected
2013_0691810,2020_0801014,1,undirected
2013_0693229,2010_0658176,2,undirected
2013_0693229,2019_0795030,1,undirected
2013_0693229,2021_0806867,6,undirected
2013_0693987,2009_0651849,4,undirected
2013_0693987,2010_0658780,4,undirected
2013_0693987,2012_0681212_A1,1,undirected
2013_0693987,2022_0821352,2,undirected
2013_0693987,2023_0847028,2,undirected
2013_0694570,2009_0642509,2,undirected
2013_0694570,2010_0663681,1,undirected
2013_0694570,2019_0795031,3,undirected
2013_0696088,2010_0725143,2,undirected
2013_0696088,2012_0702670,3,undirected
2013_0696088,2016_0745369,1,undirected
2013_0696151,2011_0672112_A1,1,undirected
2013_0696151,2012_0723274,2,undirected
2013_0696151,2012_0723276,3,undirected
2013_0696151,2018_0774382,2,undirected
2013_0696151,2021_0809815,3,undirected
2013_0696151,2022_0830686,2,undirected
2013_0699591,2009_0646356,3,undirected
2013_0699591,2018_0782945,3,undirected
2013_0699591,2020_0800073,5,undirected
2013_0699591,2022_0824040,1,undirected
2013_0699591,2023_0834878,3,undirected
2013_0700961,2009_0644352,4,undirected
2013_0700961,2014_0714046,6,undirected
2013_0700961,2015_0729917,2,undirected
2013_0700961,2016_0744196,2,undirected
2013_0700961,2016_0750717,2,undirected
2013_0700961,2022_0823200,3,undirected
2013_0703374,2006_0605334,1,undirected
2013_0703374,2009_0643199,3,undirected
2013_0703374,2012_0680719_A1,6,undirected
2013_0703934,2020_0800575,1,undirected
2013_0703934,2020_0804133,3,undirected
2013_0703934,2020_0806040,2,undirected
2013_0704982,2006_0604231,1,undirected
2013_0704982,2008_0635124,3,undirected
2013_0704982,2010_0658176,2,undirected
2013_0705006,2013_0691557,3,undirected
2013_0705006,2015_0725033,2,undirected
2013_0705006,2020_0800073,1,undirected
2013_0705158,2008_0635587,3,undirected
2013_0705158,2009_0641841,3,undirected
2013_0705158,2009_0719783,1,undirected
2013_0705158,2011_0674722_A1,1,undirected
2013_0705158,2012_0702399,1,undirected
2013_0705158,2015_0729293,2,undirected
2013_0705158,2015_0733028,2,undirected
2013_0705158,2020_0805015,3,undirected
2013_0705158,2021_0806629,2,undirected
2013_0723683,2011_0721831,1,undirected
2013_0723683,2012_0681675,1,undirected
2013_0723683,2012_0723276,3,undirected
2013_0723683,2014_0723715,2,undirected
2013_0723683,2018_0773698,1,undirected
2013_0723683,2021_0812002,1,undirected
2013_0723683,2021_0813410,3,undirected
2013_0723683,2021_0813616,2,undirected
2013_0723683,2022_0840512,3,undirected
2013_0723716,2007_0621526,1,undirected
2013_0723716,2015_0735099,2,undirected
2013_0723716,2015_0738980,2,undirected
2013_0723716,2017_0755849,2,undirected
2013_0723716,2021_0809778,6,undirected
2013_0723719,2008_0719090,3,undirected
2013_0723719,2011_0721831,2,undirected
2013_0723719,2023_0834980,1,undirected
2013_0723770,2011_0674372_A1,1,undirected
2013_0723770,2011_0722431,1,undirected
2013_0723770,2011_0723240,2,undirected
2013_0723770,2014_0723630,6,undirected
2013_0723770,2017_0769021,1,undirected
2014_0707750,2006_0609028,3,undirected
2014_0707750,2014_0709683,1,undirected
2014_0707750,2016_0745369,3,undirected
2014_0707750,2022_0830686,3,undirected
2014_0708668,2014_0714729,1,undirected
2014_0708668,2020_0799804,2,undirected
2014_0708668,2022_0823199,3,undirected
2014_0708925,2013_0688135,6,undirected
2014_0708925,2013_0690270,2,undirected
2014_0708925,2015_0738522,3,undirected
2014_0708925,2020_0801014,2,undirected
2014_0708925,2022_0821801,3,undirected
2014_0708926,2012_0693050,1,undirected
2014_0708926,2016_0746109,2,undirected
2014_0708926,2016_0752780,1,undirected
2014_0708926,2017_0754893,2,undirected
2014_0708926,2020_0800620,3,undirected
2014_0709610,2006_0604700,1,undirected
2014_0709610,2009_0643887,3,undirected
2014_0709610,2015_0735644,2,undirected
2014_0709610,2016_0743094,1,undirected
2014_0709610,2018_0771782,5,undirected
2014_0709610,2020_0800575,2,undirected
2014_0709610,2023_0835829,1,undirected
2014_0709683,2006_0605308,5,undirected
2014_0709683,2009_0649805,5,undirected
2014_0709683,2014_0707750,1,undirected
2014_0709683,2020_0800575,2,undirected
2014_0709691,2019_0793046,1,undirected
2014_0709691,2021_0809815,2,undirected
2014_0709691,2021_0812002,3,undirected
2014_0713809,2013_0690270,4,undirected
2014_0713809,2014_0714083,2,undirected
2014_0713809,2014_0723182,3,undirected
2014_0713809,2023_0835973,3,undirected
2014_0713809,2023_0848268,4,undirected
2014_0714046,2013_0700961,6,undirected
2014_0714046,2015_0729917,5,undirected
2014_0714046,2016_0750717,1,undirected
2014_0714046,2022_0823200,2,undirected
2014_0714083,2010_0660010,1,undirected
2014_0714083,2012_0697321,2,undirected
2014_0714083,2013_0690270,2,undirected
2014_0714083,2014_0713809,2,undirected
2014_0714083,2021_0813136,4,undirected
2014_0714271,2006_0610004,4,undirected
2014_0714271,2007_0615389,1,undirected
2014_0714271,2014_0716938,2,undirected
2014_0714271,2015_0727527,2,undirected
2014_0714271,2015_0735351,6,undirected
2014_0714271,2015_0738830,3,undirected
2014_0714271,2016_0744652,4,undirected
2014_0714271,2022_0838529,1,undirected
2014_0714729,2013_0690834,2,undirected
2014_0714729,2014_0708668,1,undirected
2014_0714729,2014_0723625,1,undirected
2014_0714729,2021_0810916,6,undirected
2014_0716134,2012_0687085,2,undirected
2014_0716134,2012_0723724,2,undirected
2014_0716134,2013_0691665,3,undirected
2014_0716134,2021_0809309,1,undirected
2014_0716938,2014_0714271,2,undirected
2014_0716938,2015_0729496,1,undirected
2014_0716938,2015_0735351,4,undirected
2014_0717058,2011_0676189_A1,1,undirected
2014_0717058,2013_0690159,3,undirected
2014_0717058,2017_0766477,3,undirected
2014_0717457,2008_0628716,3,undirected
2014_0717457,2020_0800620,5,undirected
2014_0717457,2021_0819811,1,undirected
2014_0717457,2022_0825396,2,undirected
2014_0718562,2012_0723274,5,undirected
2014_0718562,2017_0768151,2,undirected
2014_0718562,2021_0809309,1,undirected
2014_0718562,2021_0812002,3,undirected
2014_0718562,2021_0813410,2,undirected
2014_0720791,2012_0679629_A1,2,undirected
2014_0720791,2016_0749658,6,undirected
2014_0720791,2017_0768151,1,undirected
2014_0722160,2006_0604231,2,undirected
2014_0722160,2007_0618425,1,undirected
2014_0722160,2010_0657687,2,undirected
2014_0722160,2015_0737594,6,undirected
2014_0722160,2017_0759734,1,undirected
2014_0722160,2021_0810444,3,undirected
2014_0722160,2023_0842897,1,undirected
2014_0722256,2006_0605334,1,undirected
2014_0722256,2010_0657687,5,undirected
2014_0722256,2012_0700125,2,undirected
2014_0722256,2015_0736348,1,undirected
2014_0723182,2006_0606395,1,undirected
2014_0723182,2014_0713809,3,undirected
2014_0723182,2020_0805981,2,undirected
2014_0723622,2007_0622595,3,undirected
2014_0723622,2008_0719552,1,undirected
2014_0723622,2009_0721514,2,undirected
2014_0723622,2011_0723240,1,undirected
2014_0723624,2006_0609650,1,undirected
2014_0723624,2009_0645807,5,undirected
2014_0723624,2011_0669831_A1,4,undirected
2014_0723624,2012_0678191_A1,2,undirected
2014_0723624,2015_0738993,3,undirected
2014_0723624,2017_0765189,3,undirected
2014_0723624,2019_0787906,1,undirected
2014_0723624,2020_0806040,3,undirected
2014_0723624,2021_0812185,6,undirected
2014_0723624,2022_0829243,1,undirected
2014_0723625,2010_0724378,3,undirected
2014_0723625,2011_0672112_A1,3,undirected
2014_0723625,2012_0681675,3,undirected
2014_0723625,2012_0723275,3,undirected
2014_0723625,2012_0723276,2,undirected
2014_0723625,2014_0714729,1,undirected
2014_0723625,2017_0756238,2,undirected
2014_0723625,2017_0766160,2,undirected
2014_0723625,2019_0788573,1,undirected
2014_0723625,2023_0839234,1,undirected
2014_0723625,2023_0844412,2,undirected
2014_0723628,2009_0645807,2,undirected
2014_0723628,2012_0678191_A1,1,undirected
2014_0723628,2017_0754206,3,undirected
2014_0723630,2011_0723240,2,undirected
2014_0723630,2012_0700125,1,undirected
2014_0723630,2013_0723770,6,undirected
2014_0723631,2007_0626143,2,undirected
2014_0723631,2010_0656183,6,undirected
2014_0723631,2010_0725141,3,undirected
2014_0723631,2011_0721877,1,undirected
2014_0723631,2012_0702670,2,undirected
2014_0723631,2012_0725358,2,undirected
2014_0723631,2015_0742641,2,undirected
2014_0723682,2006_0603306,2,undirected
2014_0723682,2006_0605505,2,undirected
2014_0723682,2007_0615729,1,undirected
2014_0723682,2008_0719090,6,undirected
2014_0723682,2009_0725149,1,undirected
2014_0723682,2010_0724377,2,undirected
2014_0723682,2010_0724378,1,undirected
2014_0723682,2011_0721831,3,undirected
2014_0723682,2012_0723276,5,undirected
2014_0723682,2014_0723715,3,undirected
2014_0723682,2014_0723775,1,undirected
2014_0723682,2014_0723816,3,undirected
2014_0723682,2022_0833220,2,undirected
2014_0723682,2023_0834980,2,undirected
2014_0723682,2023_0840793,1,undirected
2014_0723684,2010_0724378,1,undirected
2014_0723684,2011_0680884_A1,3,undirected
2014_0723684,2021_0815690,2,undirected
2014_0723715,2012_0723274,3,undirected
2014_0723715,2012_0723275,3,undirected
2014_0723715,2012_0723276,5,undirected
2014_0723715,2013_0723683,2,undirected
2014_0723715,2014_0723682,3,undirected
2014_0723715,2015_0742433,3,undirected
2014_0723715,2016_0743828,3,undirected
2014_0723715,2016_0743832,2,undirected
2014_0723715,2018_0773698,2,undirected
2014_0723715,2018_0774382,1,undirected
2014_0723715,2022_0833220,3,undirected
2014_0723715,2023_0839234,3,undirected
2014_0723775,2008_0632795,1,undirected
2014_0723775,2014_0723682,1,undirected
2014_0723775,2014_0723816,3,undirected
2014_0723775,2022_0833220,2,undirected
2014_0723775,2022_0833509,2,undirected
2014_0723816,2009_0725149,2,undirected
2014_0723816,2014_0723682,3,undirected
2014_0723816,2014_0723775,3,undirected
2014_0723816,2021_0820517,1,undirected
2014_0723816,2023_0840793,1,undirected
2015_0724109,2009_0651972,1,undirected
2015_0724109,2015_0724768,3,undirected
2015_0724109,2015_0727430,2,undirected
2015_0724690,2009_0644523,3,undirected
2015_0724690,2017_0756438,1,undirected
2015_0724690,2022_0829243,2,undirected
2015_0724768,2010_0656183,1,undirected
2015_0724768,2015_0724109,3,undirected
2015_0724768,2015_0725033,3,undirected
2015_0724768,2015_0727430,2,undirected
2015_0725033,2012_0680729_A1,2,undirected
2015_0725033,2013_0705006,2,undirected
2015_0725033,2015_0724768,3,undirected
2015_0725033,2021_0810970,3,undirected
2015_0725033,2021_0819811,6,undirected
2015_0725033,2022_0825487,2,undirected
2015_0725033,2023_0846594,3,undirected
2015_0725079,2017_0769218,1,undirected
2015_0725079,2020_0802764,3,undirected
2015_0725079,2021_0812001,2,undirected
2015_0725621,2010_0660010,2,undirected
2015_0725621,2017_0758935,3,undirected
2015_0725621,2018_0778044,2,undirected
2015_0725621,2021_0810691,1,undirected
2015_0726288,2006_0605326,3,undirected
2015_0726288,2009_0644523,2,undirected
2015_0726288,2010_0657687,4,undirected
2015_0726288,2010_0665312,1,undirected
2015_0726288,2012_0679636_A1,3,undirected
2015_0726288,2013_0691557,3,undirected
2015_0726288,2019_0798648,3,undirected
2015_0727430,2008_0638048,1,undirected
2015_0727430,2012_0680719_A1,2,undirected
2015_0727430,2015_0724109,2,undirected
2015_0727430,2015_0724768,2,undirected
2015_0727430,2019_0785180,5,undirected
2015_0727430,2021_0810970,6,undirected
2015_0727430,2022_0830257,2,undirected
2015_0727430,2023_0840929,2,undirected
2015_0727527,2007_0621526,3,undirected
2015_0727527,2009_0642509,1,undirected
2015_0727527,2014_0714271,2,undirected
2015_0729113,2007_0616257,1,undirected
2015_0729113,2008_0636424,2,undirected
2015_0729113,2012_0697321,6,undirected
2015_0729293,2012_0702399,3,undirected
2015_0729293,2013_0705158,2,undirected
2015_0729293,2017_0769218,1,undirected
2015_0729372,2009_0649805,1,undirected
2015_0729372,2016_0742650,3,undirected
2015_0729372,2016_0743094,1,undirected
2015_0729372,2016_0745369,1,undirected
2015_0729372,2020_0801014,5,undirected
2015_0729372,2020_0803057,2,undirected
2015_0729496,2008_0635587,1,undirected
2015_0729496,2012_0702399,3,undirected
2015_0729496,2014_0716938,1,undirected
2015_0729496,2017_0766916,2,undirected
2015_0729792,2008_0635124,1,undirected
2015_0729792,2012_0725346,2,undirected
2015_0729792,2015_0736408,6,undirected
2015_0729917,2009_0651949,2,undirected
2015_0729917,2011_0668451_A1,4,undirected
2015_0729917,2013_0700961,2,undirected
2015_0729917,2014_0714046,5,undirected
2015_0729917,2019_0793046,2,undirected
2015_0733028,2006_0610033,2,undirected
2015_0733028,2008_0635587,4,undirected
2015_0733028,2009_0650966,3,undirected
2015_0733028,2011_0723240,2,undirected
2015_0733028,2012_0687383,1,undirected
2015_0733028,2013_0705158,2,undirected
2015_0733028,2015_0738980,1,undirected
2015_0733028,2018_0774506,2,undirected
2015_0733108,2010_0665312,1,undirected
2015_0733108,2011_0721830,2,undirected
2015_0733108,2013_0690270,3,undirected
2015_0733108,2022_0828322,2,undirected
2015_0733354,2012_0725346,2,undirected
2015_0733354,2015_0738993,1,undirected
2015_0733354,2017_0759734,3,undirected
2015_0733354,2019_0789215,6,undirected
2015_0734672,2006_0608369,1,undirected
2015_0734672,2007_0615718,2,undirected
2015_0734672,2016_0753223,5,undirected
2015_0735099,2007_0621526,3,undirected
2015_0735099,2010_0663681,1,undirected
2015_0735099,2013_0723716,2,undirected
2015_0735099,2021_0812367,1,undirected
2015_0735351,2014_0714271,6,undirected
2015_0735351,2014_0716938,4,undirected
2015_0735351,2016_0744652,2,undirected
2015_0735644,2012_0679636_A1,1,undirected
2015_0735644,2014_0709610,2,undirected
2015_0735644,2019_0788300,1,undirected
2015_0735644,2021_0811635,3,undirected
2015_0736348,2006_0612272,1,undirected
2015_0736348,2010_0656172,3,undirected
2015_0736348,2011_0723240,3,undirected
2015_0736348,2012_0700125,2,undirected
2015_0736348,2012_0725346,1,undirected
2015_0736348,2013_0689940,2,undirected
2015_0736348,2014_0722256,1,undirected
2015_0736348,2019_0787508,1,undirected
2015_0736348,2019_0789215,1,undirected
2015_0736348,2021_0819011,3,undirected
2015_0736348,2023_0834878,4,undirected
2015_0736408,2015_0729792,6,undirected
2015_0736408,2017_0769021,2,undirected
2015_0736408,2019_0798648,1,undirected
2015_0737594,2006_0608782,3,undirected
2015_0737594,2009_0651849,1,undirected
2015_0737594,2010_0657687,2,undirected
2015_0737594,2010_0657762,2,undirected
2015_0737594,2014_0722160,6,undirected
2015_0737594,2018_0771902,1,undirected
2015_0738360,2008_0636424,1,undirected
2015_0738360,2019_0788633,2,undirected
2015_0738360,2019_0789216,1,undirected
2015_0738360,2020_0804810,6,undirected
2015_0738360,2023_0848442,1,undirected
2015_0738522,2010_0661224,1,undirected
2015_0738522,2011_0677018_A1,2,undirected
2015_0738522,2013_0690270,1,undirected
2015_0738522,2014_0708925,3,undirected
2015_0738830,2014_0714271,3,undirected
2015_0738830,2019_0788753,2,undirected
2015_0738830,2022_0831982,1,undirected
2015_0738830,2023_0847028,1,undirected
2015_0738980,2006_0608369,1,undirected
2015_0738980,2008_0630836,2,undirected
2015_0738980,2008_0635587,4,undirected
2015_0738980,2011_0675656_A1,3,undirected
2015_0738980,2011_0723240,3,undirected
2015_0738980,2012_0680635_A1,3,undirected
2015_0738980,2012_0700125,1,undirected
2015_0738980,2013_0723716,2,undirected
2015_0738980,2015_0733028,1,undirected
2015_0738980,2016_0753223,1,undirected
2015_0738980,2017_0755849,1,undirected
2015_0738980,2017_0767425,2,undirected
2015_0738980,2019_0789676,1,undirected
2015_0738980,2021_0810109,1,undirected
2015_0738993,2011_0669831_A1,1,undirected
2015_0738993,2014_0723624,3,undirected
2015_0738993,2015_0733354,1,undirected
2015_0738993,2017_0767560,1,undirected
2015_0738993,2019_0784489,1,undirected
2015_0738993,2021_0812185,4,undirected
2015_0742433,2012_0723275,1,undirected
2015_0742433,2014_0723715,3,undirected
2015_0742433,2016_0743828,2,undirected
2015_0742433,2018_0773698,2,undirected
2015_0742433,2019_0788300,2,undirected
2015_0742504,2010_0724378,3,undirected
2015_0742504,2022_0825991,1,undirected
2015_0742504,2023_0839234,2,undirected
2015_0742641,2014_0723631,2,undirected
2015_0742641,2018_0772044,1,undirected
2015_0742641,2021_0812002,3,undirected
2015_0742641,2023_0839234,1,undirected
2016_0739777,2016_0750717,2,undirected
2016_0739777,2022_0833641,4,undirected
2016_0739777,2023_0835829,1,undirected
2016_0739951,2007_0615389,5,undirected
2016_0739951,2010_0660010,1,undirected
2016_0739951,2023_0848005,6,undirected
2016_0740516,2012_0693050,2,undirected
2016_0740516,2013_0691665,3,undirected
2016_0740516,2016_0743837,2,undirected
2016_0740516,2016_0752018,1,undirected
2016_0740516,2022_0825992,2,undirected
2016_0740516,2022_0831470,1,undirected
2016_0741744,2007_0622595,2,undirected
2016_0741744,2017_0766916,3,undirected
2016_0741744,2018_0774506,1,undirected
2016_0741744,2022_0831982,2,undirected
2016_0742650,2015_0729372,3,undirected
2016_0742650,2016_0743094,2,undirected
2016_0742650,2016_0745634,1,undirected
2016_0742650,2019_0788633,2,undirected
2016_0742650,2020_0803057,6,undirected
2016_0743094,2014_0709610,1,undirected
2016_0743094,2015_0729372,1,undirected
2016_0743094,2016_0742650,2,undirected
2016_0743094,2021_0811635,3,undirected
2016_0743828,2014_0723715,3,undirected
2016_0743828,2015_0742433,2,undirected
2016_0743828,2023_0840793,1,undirected
2016_0743832,2006_0610632,2,undirected
2016_0743832,2012_0723274,2,undirected
2016_0743832,2014_0723715,2,undirected
2016_0743832,2016_0745369,2,undirected
2016_0743832,2021_0813410,6,undirected
2016_0743832,2021_0815690,1,undirected
2016_0743837,2006_0607538,1,undirected
2016_0743837,2007_0616257,4,undirected
2016_0743837,2010_0654181,3,undirected
2016_0743837,2013_0688135,1,undirected
2016_0743837,2016_0740516,2,undirected
2016_0743837,2017_0754893,3,undirected
2016_0743837,2022_0825992,3,undirected
2016_0743837,2022_0831470,6,undirected
2016_0744196,2010_0655349,3,undirected
2016_0744196,2013_0700961,2,undirected
2016_0744196,2022_0830257,1,undirected
2016_0744640,2011_0723240,2,undirected
2016_0744640,2016_0751449,1,undirected
2016_0744640,2018_0771902,3,undirected
2016_0744652,2009_0638953,3,undirected
2016_0744652,2014_0714271,4,undirected
2016_0744652,2015_0735351,2,undirected
2016_0744652,2016_0752009,2,undirected
2016_0744652,2017_0760159,2,undirected
2016_0744652,2018_0772044,6,undirected
2016_0745000,2007_0628636,2,undirected
2016_0745000,2018_0771782,6,undirected
2016_0745000,2021_0811635,1,undirected
2016_0745008,2009_0719783,1,undirected
2016_0745008,2016_0752009,3,undirected
2016_0745008,2022_0823199,2,undirected
2016_0745038,2009_0641393,2,undirected
2016_0745038,2020_0803057,1,undirected
2016_0745038,2023_0835829,6,undirected
2016_0745178,2006_0605308,3,undirected
2016_0745178,2007_0628636,2,undirected
2016_0745178,2009_0649805,1,undirected
2016_0745369,2008_0636424,5,undirected
2016_0745369,2011_0674921_A1,1,undirected
2016_0745369,2011_0680884_A1,1,undirected
2016_0745369,2011_0721830,1,undirected
2016_0745369,2013_0696088,1,undirected
2016_0745369,2014_0707750,3,undirected
2016_0745369,2015_0729372,1,undirected
2016_0745369,2016_0743832,2,undirected
2016_0745369,2021_0813136,3,undirected
2016_0745604,2018_0772999,4,undirected
2016_0745604,2018_0775415,6,undirected
2016_0745604,2022_0821801,4,undirected
2016_0745634,2009_0650836,3,undirected
2016_0745634,2012_0687085,3,undirected
2016_0745634,2016_0742650,1,undirected
2016_0746109,2010_0663925,1,undirected
2016_0746109,2014_0708926,2,undirected
2016_0746109,2017_0754893,3,undirected
2016_0748506,2007_0616257,1,undirected
2016_0748506,2022_0825992,2,undirected
2016_0748506,2022_0826706,4,undirected
2016_0749658,2010_0654778,1,undirected
2016_0749658,2011_0676418_A1,5,undirected
2016_0749658,2014_0720791,6,undirected
2016_0750437,2017_0754148,3,undirected
2016_0750437,2021_0812662,2,undirected
2016_0750437,2023_0835106,1,undirected
2016_0750717,2010_0654778,1,undirected
2016_0750717,2013_0700961,2,undirected
2016_0750717,2014_0714046,1,undirected
2016_0750717,2016_0739777,2,undirected
2016_0750717,2022_0833641,6,undirected
2016_0750760,2009_0643199,3,undirected
2016_0750760,2019_0787655,5,undirected
2016_0750760,2022_0823200,1,undirected
2016_0750850,2006_0608369,1,undirected
2016_0750850,2009_0644523,2,undirected
2016_0750850,2016_0751449,3,undirected
2016_0751321,2007_0619463,3,undirected
2016_0751321,2011_0723240,2,undirected
2016_0751321,2019_0787271,4,undirected
2016_0751449,2011_0723240,1,undirected
2016_0751449,2016_0744640,1,undirected
2016_0751449,2016_0750850,3,undirected
2016_0751449,2018_0770411,2,undirected
2016_0751449,2018_0771902,2,undirected
2016_0751449,2019_0787508,2,undirected
2016_0751449,2019_0791321,3,undirected
2016_0751449,2021_0810690,1,undirected
2016_0751449,2022_0833151,3,undirected
2016_0751977,2009_0644523,1,undirected
2016_0751977,2009_0645807,5,undirected
2016_0751977,2011_0669831_A1,2,undirected
2016_0751977,2021_0809997,2,undirected
2016_0751977,2022_0829243,4,undirected
2016_0752009,2016_0744652,2,undirected
2016_0752009,2016_0745008,3,undirected
2016_0752009,2018_0772044,3,undirected
2016_0752009,2021_0813092,1,undirected
2016_0752018,2008_0636424,2,undirected
2016_0752018,2010_0669183_A1,2,undirected
2016_0752018,2016_0740516,1,undirected
2016_0752018,2021_0813136,3,undirected
2016_0752780,2010_0665553,3,undirected
2016_0752780,2014_0708926,1,undirected
2016_0752780,2022_0823755,3,undirected
2016_0753223,2011_0669831_A1,3,undirected
2016_0753223,2015_0734672,5,undirected
2016_0753223,2015_0738980,1,undirected
2016_0753549,2010_0665312,2,undirected
2016_0753549,2013_0691557,3,undirected
2016_0753549,2020_0801014,1,undirected
2017_0754148,2010_0658176,6,undirected
2017_0754148,2013_0691686,1,undirected
2017_0754148,2016_0750437,3,undirected
2017_0754148,2017_0755725,2,undirected
2017_0754148,2018_0783905,2,undirected
2017_0754148,2023_0835106,3,undirected
2017_0754206,2009_0646061,4,undirected
2017_0754206,2009_0719782,3,undirected
2017_0754206,2012_0702670,4,undirected
2017_0754206,2012_0704800,3,undirected
2017_0754206,2014_0723628,3,undirected
2017_0754206,2022_0824284,2,undirected
2017_0754540,2011_0676189_A1,6,undirected
2017_0754540,2021_0810193,1,undirected
2017_0754540,2021_0812662,5,undirected
2017_0754540,2023_0848005,1,undirected
2017_0754893,2007_0616257,1,undirected
2017_0754893,2013_0691665,2,undirected
2017_0754893,2014_0708926,2,undirected
2017_0754893,2016_0743837,3,undirected
2017_0754893,2016_0746109,3,undirected
2017_0755175,2006_0610357,3,undirected
2017_0755175,2013_0689940,1,undirected
2017_0755175,2023_0842897,2,undirected
2017_0755175,2023_0846649,2,undirected
2017_0755178,2008_0636424,1,undirected
2017_0755178,2010_0658130,1,undirected
2017_0755178,2013_0690270,3,undirected
2017_0755178,2017_0758935,2,undirected
2017_0755721,2007_0615389,1,undirected
2017_0755721,2017_0767426,3,undirected
2017_0755721,2022_0831470,2,undirected
2017_0755725,2010_0658176,1,undirected
2017_0755725,2017_0754148,2,undirected
2017_0755725,2021_0816493,2,undirected
2017_0755725,2022_0824003,5,undirected
2017_0755725,2022_0833110,1,undirected
2017_0755849,2008_0635587,3,undirected
2017_0755849,2013_0723716,2,undirected
2017_0755849,2015_0738980,1,undirected
2017_0756238,2011_0673859_A1,1,undirected
2017_0756238,2012_0681212_A1,2,undirected
2017_0756238,2012_0701956,1,undirected
2017_0756238,2013_0690834,2,undirected
2017_0756238,2013_0691665,2,undirected
2017_0756238,2014_0723625,2,undirected
2017_0756238,2017_0766160,6,undirected
2017_0756238,2021_0809996,3,undirected
2017_0756238,2021_0810622,2,undirected
2017_0756238,2022_0824003,1,undirected
2017_0756438,2006_0609028,4,undirected
2017_0756438,2009_0643199,5,undirected
2017_0756438,2015_0724690,1,undirected
2017_0756438,2017_0760468,3,undirected
2017_0756438,2021_0810691,1,undirected
2017_0757806,2008_0635587,3,undirected
2017_0757806,2012_0679629_A1,2,undirected
2017_0757806,2017_0766916,1,undirected
2017_0757806,2022_0823199,2,undirected
2017_0758877,2010_0663796,4,undirected
2017_0758877,2011_0669771_A1,1,undirected
2017_0758877,2018_0772467,4,undirected
2017_0758935,2011_0345656_A1,2,undirected
2017_0758935,2013_0690270,3,undirected
2017_0758935,2015_0725621,3,undirected
2017_0758935,2017_0755178,2,undirected
2017_0758935,2019_0799805,4,undirected
2017_0758935,2020_0801014,2,undirected
2017_0759014,2008_0635587,3,undirected
2017_0759014,2013_0689275,2,undirected
2017_0759014,2017_0766419,2,undirected
2017_0759014,2021_0809778,2,undirected
2017_0759014,2023_0834775,2,undirected
2017_0759636,2006_0609028,1,undirected
2017_0759636,2007_0615202,3,undirected
2017_0759636,2020_0800281,4,undirected
2017_0759636,2021_0810623,3,undirected
2017_0759636,2022_0830257,3,undirected
2017_0759734,2012_0725346,2,undirected
2017_0759734,2014_0722160,1,undirected
2017_0759734,2015_0733354,3,undirected
2017_0760159,2016_0744652,2,undirected
2017_0760159,2019_0788573,3,undirected
2017_0760159,2021_0812794,3,undirected
2017_0760468,2009_0645539,1,undirected
2017_0760468,2017_0756438,3,undirected
2017_0760468,2018_0774382,2,undirected
2017_0760943,2006_0612272,2,undirected
2017_0760943,2007_0623397,1,undirected
2017_0760943,2009_0641033,1,undirected
2017_0760943,2011_0723240,3,undirected
2017_0760943,2012_0700125,4,undirected
2017_0760943,2018_0771902,1,undirected
2017_0760943,2018_0780757,2,undirected
2017_0760943,2020_0802619,1,undirected
2017_0760943,2021_0810109,2,undirected
2017_0760943,2022_0827264,3,undirected
2017_0765189,2014_0723624,3,undirected
2017_0765189,2019_0787906,4,undirected
2017_0765189,2019_0796765,2,undirected
2017_0765189,2021_0812185,3,undirected
2017_0766160,2010_0724378,1,undirected
2017_0766160,2013_0690834,1,undirected
2017_0766160,2014_0723625,2,undirected
2017_0766160,2017_0756238,6,undirected
2017_0766160,2017_0767426,1,undirected
2017_0766160,2019_0787655,1,undirected
2017_0766419,2012_0687383,1,undirected
2017_0766419,2017_0759014,2,undirected
2017_0766419,2019_0790028,1,undirected
2017_0766419,2021_0816493,6,undirected
2017_0766420,2007_0616257,3,undirected
2017_0766420,2019_0795604,1,undirected
2017_0766420,2022_0823200,2,undirected
2017_0766477,2006_0608990,2,undirected
2017_0766477,2014_0717058,3,undirected
2017_0766477,2021_0810690,3,undirected
2017_0766916,2006_0610033,1,undirected
2017_0766916,2007_0619463,2,undirected
2017_0766916,2007_0622595,1,undirected
2017_0766916,2011_0723240,3,undirected
2017_0766916,2015_0729496,2,undirected
2017_0766916,2016_0741744,3,undirected
2017_0766916,2017_0757806,1,undirected
2017_0766916,2019_0784489,2,undirected
2017_0766916,2020_0800073,1,undirected
2017_0767425,2011_0723240,1,undirected
2017_0767425,2015_0738980,2,undirected
2017_0767425,2020_0805981,2,undirected
2017_0767425,2021_0810109,6,undirected
2017_0767426,2007_0616257,3,undirected
2017_0767426,2010_0658130,3,undirected
2017_0767426,2011_0673859_A1,4,undirected
2017_0767426,2017_0755721,3,undirected
2017_0767426,2017_0766160,1,undirected
2017_0767560,2015_0738993,1,undirected
2017_0767560,2019_0789215,2,undirected
2017_0767560,2019_0790028,2,undirected
2017_0767560,2019_0795031,3,undirected
2017_0767624,2009_0645539,3,undirected
2017_0767624,2009_0651949,3,undirected
2017_0767624,2013_0690834,6,undirected
2017_0768151,2010_0657628,1,undirected
2017_0768151,2014_0718562,2,undirected
2017_0768151,2014_0720791,1,undirected
2017_0768151,2021_0812002,1,undirected
2017_0768151,2023_0839234,3,undirected
2017_0769021,2006_0605334,3,undirected
2017_0769021,2011_0674372_A1,6,undirected
2017_0769021,2013_0691557,5,undirected
2017_0769021,2013_0723770,1,undirected
2017_0769021,2015_0736408,2,undirected
2017_0769021,2021_0819011,1,undirected
2017_0769218,2007_0621526,2,undirected
2017_0769218,2011_0723240,1,undirected
2017_0769218,2013_0689275,3,undirected
2017_0769218,2015_0725079,1,undirected
2017_0769218,2015_0729293,1,undirected
2017_0769218,2021_0809778,3,undirected
2018_0770411,2016_0751449,2,undirected
2018_0770411,2018_0773000,1,undirected
2018_0770411,2022_0823755,2,undirected
2018_0770411,2023_0842897,3,undirected
2018_0771782,2010_0665312,2,undirected
2018_0771782,2013_0690270,1,undirected
2018_0771782,2014_0709610,5,undirected
2018_0771782,2016_0745000,6,undirected
2018_0771782,2019_0797166,2,undirected
2018_0771782,2023_0846594,2,undirected
2018_0771902,2007_0619463,2,undirected
2018_0771902,2008_0638042,1,undirected
2018_0771902,2011_0723240,4,undirected
2018_0771902,2012_0700125,2,undirected
2018_0771902,2015_0737594,1,undirected
2018_0771902,2016_0744640,3,undirected
2018_0771902,2016_0751449,2,undirected
2018_0771902,2017_0760943,1,undirected
2018_0771902,2018_0774506,1,undirected
2018_0771902,2018_0780757,1,undirected
2018_0771902,2018_0781189,3,undirected
2018_0771902,2019_0791321,4,undirected
2018_0771902,2020_0800784,3,undirected
2018_0771902,2020_0805015,2,undirected
2018_0771902,2023_0834137,1,undirected
2018_0771902,2023_0849882,1,undirected
2018_0772044,2015_0742641,1,undirected
2018_0772044,2016_0744652,6,undirected
2018_0772044,2016_0752009,3,undirected
2018_0772044,2021_0813092,5,undirected
2018_0772044,2023_0835106,1,undirected
2018_0772044,2023_0840513,2,undirected
2018_0772467,2011_0676189_A1,4,undirected
2018_0772467,2017_0758877,4,undirected
2018_0772467,2020_0800575,3,undirected
2018_0772999,2016_0745604,4,undirected
2018_0772999,2019_0785180,1,undirected
2018_0772999,2020_0801014,1,undirected
2018_0772999,2021_0812794,1,undirected
2018_0772999,2021_0819811,3,undirected
2018_0772999,2023_0846649,1,undirected
2018_0773000,2009_0643887,1,undirected
2018_0773000,2010_0654778,5,undirected
2018_0773000,2012_0680729_A1,3,undirected
2018_0773000,2018_0770411,1,undirected
2018_0773000,2019_0787508,2,undirected
2018_0773698,2006_0605505,4,undirected
2018_0773698,2013_0723683,1,undirected
2018_0773698,2014_0723715,2,undirected
2018_0773698,2015_0742433,2,undirected
2018_0773919,2012_0702673,4,undirected
2018_0773919,2018_0774148,4,undirected
2018_0773919,2021_0810193,1,undirected
2018_0774148,2007_0614376,3,undirected
2018_0774148,2009_0651972,5,undirected
2018_0774148,2018_0773919,4,undirected
2018_0774148,2019_0788633,2,undirected
2018_0774148,2022_0826706,2,undirected
2018_0774382,2006_0610632,6,undirected
2018_0774382,2013_0691686,2,undirected
2018_0774382,2013_0696151,2,undirected
2018_0774382,2014_0723715,1,undirected
2018_0774382,2017_0760468,2,undirected
2018_0774382,2022_0823200,3,undirected
2018_0774506,2013_0689534,2,undirected
2018_0774506,2015_0733028,2,undirected
2018_0774506,2016_0741744,1,undirected
2018_0774506,2018_0771902,1,undirected
2018_0774506,2021_0812367,3,undirected
2018_0775415,2013_0688135,2,undirected
2018_0775415,2013_0691665,1,undirected
2018_0775415,2016_0745604,6,undirected
2018_0775415,2019_0788816,4,undirected
2018_0775415,2021_0810622,3,undirected
2018_0775415,2023_0849461,1,undirected
2018_0777460,2019_0788753,3,undirected
2018_0777460,2022_0825396,1,undirected
2018_0777460,2022_0833509,2,undirected
2018_0778044,2009_0649805,3,undirected
2018_0778044,2010_0660550,1,undirected
2018_0778044,2015_0725621,2,undirected
2018_0780757,2011_0723240,3,undirected
2018_0780757,2017_0760943,2,undirected
2018_0780757,2018_0771902,1,undirected
2018_0780757,2022_0833151,1,undirected
2018_0781143,2011_0675808_A1,4,undirected
2018_0781143,2022_0823200,2,undirected
2018_0781143,2022_0833641,1,undirected
2018_0781189,2006_0606600,2,undirected
2018_0781189,2006_0610204,3,undirected
2018_0781189,2007_0623397,3,undirected
2018_0781189,2011_0675656_A1,2,undirected
2018_0781189,2011_0723240,1,undirected
2018_0781189,2018_0771902,3,undirected
2018_0781189,2019_0791321,2,undirected
2018_0781189,2023_0849882,2,undirected
2018_0782154,2006_0605505,1,undirected
2018_0782154,2012_0723724,1,undirected
2018_0782154,2021_0809815,6,undirected
2018_0782154,2021_0813410,2,undirected
2018_0782592,2009_0646061,2,undirected
2018_0782592,2009_0719782,1,undirected
2018_0782592,2011_0721877,3,undirected
2018_0782945,2006_0610285,3,undirected
2018_0782945,2012_0700125,1,undirected
2018_0782945,2013_0699591,3,undirected
2018_0782945,2023_0834878,2,undirected
2018_0783354,2007_0628636,6,undirected
2018_0783354,2010_0657762,5,undirected
2018_0783354,2010_0664580,1,undirected
2018_0783354,2011_0678343_A1,2,undirected
2018_0783354,2022_0828322,1,undirected
2018_0783844,2009_0641841,3,undirected
2018_0783844,2021_0811124,5,undirected
2018_0783844,2022_0831983,6,undirected
2018_0783905,2012_0723275,2,undirected
2018_0783905,2017_0754148,2,undirected
2018_0783905,2020_0804133,1,undirected
2018_0783905,2021_0809309,6,undirected
2018_0783905,2021_0811635,2,undirected
2018_0783905,2022_0826596,4,undirected
2019_0784489,2015_0738993,1,undirected
2019_0784489,2017_0766916,2,undirected
2019_0784489,2019_0793886,4,undirected
2019_0785180,2015_0727430,5,undirected
2019_0785180,2018_0772999,1,undirected
2019_0785180,2023_0840929,3,undirected
2019_0785180,2023_0846594,1,undirected
2019_0786696,2007_0616257,2,undirected
2019_0786696,2012_0680719_A1,2,undirected
2019_0786696,2022_0824003,6,undirected
2019_0787271,2008_0630836,2,undirected
2019_0787271,2011_0722431,1,undirected
2019_0787271,2016_0751321,4,undirected
2019_0787271,2022_0821352,3,undirected
2019_0787405,2006_0604231,2,undirected
2019_0787405,2006_0610285,1,undirected
2019_0787405,2010_0661224,3,undirected
2019_0787405,2019_0788816,4,undirected
2019_0787405,2021_0809996,1,undirected
2019_0787405,2023_0842757,2,undirected
2019_0787508,2010_0657687,3,undirected
2019_0787508,2011_0669771_A1,2,undirected
2019_0787508,2015_0736348,1,undirected
2019_0787508,2016_0751449,2,undirected
2019_0787508,2018_0773000,2,undirected
2019_0787655,2009_0645539,2,undirected
2019_0787655,2016_0750760,5,undirected
2019_0787655,2017_0766160,1,undirected
2019_0787906,2014_0723624,1,undirected
2019_0787906,2017_0765189,4,undirected
2019_0787906,2021_0812185,2,undirected
2019_0788300,2015_0735644,1,undirected
2019_0788300,2015_0742433,2,undirected
2019_0788300,2020_0800620,6,undirected
2019_0788300,2020_0801365,4,undirected
2019_0788300,2023_0840472,3,undirected
2019_0788573,2008_0636424,2,undirected
2019_0788573,2014_0723625,1,undirected
2019_0788573,2017_0760159,3,undirected
2019_0788573,2019_0788816,3,undirected
2019_0788573,2021_0813092,1,undirected
2019_0788633,2007_0616257,2,undirected
2019_0788633,2008_0636424,1,undirected
2019_0788633,2009_0651972,1,undirected
2019_0788633,2010_0663925,3,undirected
2019_0788633,2011_0674921_A1,6,undirected
2019_0788633,2015_0738360,2,undirected
2019_0788633,2016_0742650,2,undirected
2019_0788633,2018_0774148,2,undirected
2019_0788633,2019_0789216,4,undirected
2019_0788753,2008_0635587,2,undirected
2019_0788753,2010_0665553,3,undirected
2019_0788753,2015_0738830,2,undirected
2019_0788753,2018_0777460,3,undirected
2019_0788753,2020_0802619,3,undirected
2019_0788753,2023_0834775,1,undirected
2019_0788816,2011_0677018_A1,1,undirected
2019_0788816,2018_0775415,4,undirected
2019_0788816,2019_0787405,4,undirected
2019_0788816,2019_0788573,3,undirected
2019_0788816,2023_0842757,1,undirected
2019_0788816,2023_0849461,6,undirected
2019_0789215,2006_0610357,2,undirected
2019_0789215,2015_0733354,6,undirected
2019_0789215,2015_0736348,1,undirected
2019_0789215,2017_0767560,2,undirected
2019_0789215,2022_0827264,1,undirected
2019_0789216,2015_0738360,1,undirected
2019_0789216,2019_0788633,4,undirected
2019_0789216,2023_0848005,2,undirected
2019_0789676,2008_0629932,2,undirected
2019_0789676,2015_0738980,1,undirected
2019_0789676,2019_0791321,3,undirected
2019_0789676,2019_0795030,2,undirected
2019_0790028,2017_0766419,1,undirected
2019_0790028,2017_0767560,2,undirected
2019_0790028,2022_0833151,3,undirected
2019_0791109,2011_0676418_A1,1,undirected
2019_0791109,2020_0802764,2,undirected
2019_0791109,2022_0825487,3,undirected
2019_0791109,2022_0830257,1,undirected
2019_0791321,2008_0629932,4,undirected
2019_0791321,2008_0630836,3,undirected
2019_0791321,2009_0721514,1,undirected
2019_0791321,2011_0723240,5,undirected
2019_0791321,2013_0690159,1,undirected
2019_0791321,2016_0751449,3,undirected
2019_0791321,2018_0771902,4,undirected
2019_0791321,2018_0781189,2,undirected
2019_0791321,2019_0789676,3,undirected
2019_0791321,2019_0795031,2,undirected
2019_0791321,2021_0812367,2,undirected
2019_0791321,2023_0834137,2,undirected
2019_0793046,2012_0723274,1,undirected
2019_0793046,2013_0691665,3,undirected
2019_0793046,2014_0709691,1,undirected
2019_0793046,2015_0729917,2,undirected
2019_0793886,2019_0784489,4,undirected
2019_0793886,2022_0823755,3,undirected
2019_0793886,2022_0830257,2,undirected
2019_0795030,2013_0693229,1,undirected
2019_0795030,2019_0789676,2,undirected
2019_0795030,2021_0819011,5,undirected
2019_0795030,2022_0825396,1,undirected
2019_0795031,2008_0635587,3,undirected
2019_0795031,2012_0680635_A1,1,undirected
2019_0795031,2013_0689275,1,undirected
2019_0795031,2013_0694570,3,undirected
2019_0795031,2017_0767560,3,undirected
2019_0795031,2019_0791321,2,undirected
2019_0795604,2007_0628636,4,undirected
2019_0795604,2010_0655349,1,undirected
2019_0795604,2010_0664580,3,undirected
2019_0795604,2017_0766420,1,undirected
2019_0795604,2020_0802764,2,undirected
2019_0795604,2021_0810444,2,undirected
2019_0795604,2023_0840513,1,undirected
2019_0796765,2009_0644523,1,undirected
2019_0796765,2011_0669831_A1,3,undirected
2019_0796765,2017_0765189,2,undirected
2019_0797166,2008_0638048,1,undirected
2019_0797166,2011_0669771_A1,4,undirected
2019_0797166,2018_0771782,2,undirected
2019_0798648,2006_0608369,2,undirected
2019_0798648,2009_0644523,1,undirected
2019_0798648,2015_0726288,3,undirected
2019_0798648,2015_0736408,1,undirected
2019_0799805,2010_0654181,2,undirected
2019_0799805,2017_0758935,4,undirected
2019_0799805,2020_0800620,2,undirected
2020_0799804,2006_0610004,5,undirected
2020_0799804,2007_0616257,2,undirected
2020_0799804,2013_0690834,1,undirected
2020_0799804,2014_0708668,2,undirected
2020_0800073,2013_0699591,5,undirected
2020_0800073,2013_0705006,1,undirected
2020_0800073,2017_0766916,1,undirected
2020_0800073,2022_0838529,2,undirected
2020_0800073,2023_0834878,2,undirected
2020_0800073,2023_0849125,1,undirected
2020_0800281,2017_0759636,4,undirected
2020_0800281,2021_0819811,1,undirected
2020_0800281,2022_0826706,6,undirected
2020_0800281,2023_0837074,1,undirected
2020_0800575,2007_0615202,2,undirected
2020_0800575,2007_0626143,3,undirected
2020_0800575,2008_0627962,2,undirected
2020_0800575,2011_0677018_A1,2,undirected
2020_0800575,2011_0721830,5,undirected
2020_0800575,2013_0690270,3,undirected
2020_0800575,2013_0703934,1,undirected
2020_0800575,2014_0709610,2,undirected
2020_0800575,2014_0709683,2,undirected
2020_0800575,2018_0772467,3,undirected
2020_0800575,2020_0804133,2,undirected
2020_0800575,2021_0810691,1,undirected
2020_0800575,2021_0812794,3,undirected
2020_0800620,2014_0708926,3,undirected
2020_0800620,2014_0717457,5,undirected
2020_0800620,2019_0788300,6,undirected
2020_0800620,2019_0799805,2,undirected
2020_0800784,2011_0723240,2,undirected
2020_0800784,2012_0700125,1,undirected
2020_0800784,2018_0771902,3,undirected
2020_0801014,2011_0669771_A1,3,undirected
2020_0801014,2013_0690270,3,undirected
2020_0801014,2013_0691810,1,undirected
2020_0801014,2014_0708925,2,undirected
2020_0801014,2015_0729372,5,undirected
2020_0801014,2016_0753549,1,undirected
2020_0801014,2017_0758935,2,undirected
2020_0801014,2018_0772999,1,undirected
2020_0801365,2019_0788300,4,undirected
2020_0801365,2021_0810193,2,undirected
2020_0801365,2021_0811635,2,undirected
2020_0801365,2022_0826706,1,undirected
2020_0802619,2011_0723240,3,undirected
2020_0802619,2012_0700125,2,undirected
2020_0802619,2017_0760943,1,undirected
2020_0802619,2019_0788753,3,undirected
2020_0802619,2022_0824040,3,undirected
2020_0802764,2015_0725079,3,undirected
2020_0802764,2019_0791109,2,undirected
2020_0802764,2019_0795604,2,undirected
2020_0802764,2021_0820685,1,undirected
2020_0802764,2022_0825487,6,undirected
2020_0802764,2022_0825848,4,undirected
2020_0802764,2023_0844412,4,undirected
2020_0803057,2015_0729372,2,undirected
2020_0803057,2016_0742650,6,undirected
2020_0803057,2016_0745038,1,undirected
2020_0803057,2021_0811635,1,undirected
2020_0804133,2013_0703934,3,undirected
2020_0804133,2018_0783905,1,undirected
2020_0804133,2020_0800575,2,undirected
2020_0804133,2021_0811635,3,undirected
2020_0804810,2010_0663925,3,undirected
2020_0804810,2015_0738360,6,undirected
2020_0804810,2023_0848442,5,undirected
2020_0805015,2013_0705158,3,undirected
2020_0805015,2018_0771902,2,undirected
2020_0805015,2021_0810690,1,undirected
2020_0805981,2008_0630836,1,undirected
2020_0805981,2013_0689534,3,undirected
2020_0805981,2014_0723182,2,undirected
2020_0805981,2017_0767425,2,undirected
2020_0806040,2009_0644523,1,undirected
2020_0806040,2013_0703934,2,undirected
2020_0806040,2014_0723624,3,undirected
2020_0806040,2022_0829243,2,undirected
2021_0806629,2009_0644116,1,undirected
2021_0806629,2013_0705158,2,undirected
2021_0806629,2023_0833910,5,undirected
2021_0806867,2007_0621526,1,undirected
2021_0806867,2013_0693229,6,undirected
2021_0806867,2021_0810690,2,undirected
2021_0809309,2008_0627962,3,undirected
2021_0809309,2014_0716134,1,undirected
2021_0809309,2014_0718562,1,undirected
2021_0809309,2018_0783905,6,undirected
2021_0809309,2021_0811635,5,undirected
2021_0809309,2021_0812001,1,undirected
2021_0809778,2006_0608990,3,undirected
2021_0809778,2007_0615718,1,undirected
2021_0809778,2010_0663681,2,undirected
2021_0809778,2011_0723240,2,undirected
2021_0809778,2013_0689534,3,undirected
2021_0809778,2013_0723716,6,undirected
2021_0809778,2017_0759014,2,undirected
2021_0809778,2017_0769218,3,undirected
2021_0809815,2012_0723724,2,undirected
2021_0809815,2012_0725358,1,undirected
2021_0809815,2013_0696151,3,undirected
2021_0809815,2014_0709691,2,undirected
2021_0809815,2018_0782154,6,undirected
2021_0809815,2021_0810915,1,undirected
2021_0809815,2021_0811635,1,undirected
2021_0809815,2021_0812002,1,undirected
2021_0809996,2013_0690834,2,undirected
2021_0809996,2017_0756238,3,undirected
2021_0809996,2019_0787405,1,undirected
2021_0809996,2021_0810915,4,undirected
2021_0809997,2009_0645807,3,undirected
2021_0809997,2016_0751977,2,undirected
2021_0809997,2022_0829243,1,undirected
2021_0810109,2006_0608782,1,undirected
2021_0810109,2015_0738980,1,undirected
2021_0810109,2017_0760943,2,undirected
2021_0810109,2017_0767425,6,undirected
2021_0810193,2010_0658780,3,undirected
2021_0810193,2017_0754540,1,undirected
2021_0810193,2018_0773919,1,undirected
2021_0810193,2020_0801365,2,undirected
2021_0810444,2006_0604231,1,undirected
2021_0810444,2014_0722160,3,undirected
2021_0810444,2019_0795604,2,undirected
2021_0810622,2017_0756238,2,undirected
2021_0810622,2018_0775415,3,undirected
2021_0810622,2023_0833910,1,undirected
2021_0810623,2017_0759636,3,undirected
2021_0810623,2022_0821352,4,undirected
2021_0810623,2023_0835829,1,undirected
2021_0810690,2006_0612675,3,undirected
2021_0810690,2007_0621526,2,undirected
2021_0810690,2011_0723240,3,undirected
2021_0810690,2016_0751449,1,undirected
2021_0810690,2017_0766477,3,undirected
2021_0810690,2020_0805015,1,undirected
2021_0810690,2021_0806867,2,undirected
2021_0810691,2010_0660010,5,undirected
2021_0810691,2011_0677018_A1,2,undirected
2021_0810691,2015_0725621,1,undirected
2021_0810691,2017_0756438,1,undirected
2021_0810691,2020_0800575,1,undirected
2021_0810691,2021_0812662,2,undirected
2021_0810915,2021_0809815,1,undirected
2021_0810915,2021_0809996,4,undirected
2021_0810915,2021_0810916,1,undirected
2021_0810915,2022_0826596,2,undirected
2021_0810916,2006_0612262,4,undirected
2021_0810916,2009_0644116,1,undirected
2021_0810916,2012_0702673,1,undirected
2021_0810916,2014_0714729,6,undirected
2021_0810916,2021_0810915,1,undirected
2021_0810970,2006_0605334,2,undirected
2021_0810970,2015_0725033,3,undirected
2021_0810970,2015_0727430,6,undirected
2021_0810970,2022_0830257,5,undirected
2021_0811124,2007_0618425,4,undirected
2021_0811124,2008_0635587,1,undirected
2021_0811124,2010_0657762,1,undirected
2021_0811124,2018_0783844,5,undirected
2021_0811461,2007_0615729,1,undirected
2021_0811461,2010_0655349,6,undirected
2021_0811461,2022_0833220,2,undirected
2021_0811635,2015_0735644,3,undirected
2021_0811635,2016_0743094,3,undirected
2021_0811635,2016_0745000,1,undirected
2021_0811635,2018_0783905,2,undirected
2021_0811635,2020_0801365,2,undirected
2021_0811635,2020_0803057,1,undirected
2021_0811635,2020_0804133,3,undirected
2021_0811635,2021_0809309,5,undirected
2021_0811635,2021_0809815,1,undirected
2021_0811635,2023_0835829,2,undirected
2021_0812001,2015_0725079,2,undirected
2021_0812001,2021_0809309,1,undirected
2021_0812001,2021_0816493,2,undirected
2021_0812001,2023_0846649,6,undirected
2021_0812002,2012_0723275,4,undirected
2021_0812002,2012_0725358,3,undirected
2021_0812002,2013_0723683,1,undirected
2021_0812002,2014_0709691,3,undirected
2021_0812002,2014_0718562,3,undirected
2021_0812002,2015_0742641,3,undirected
2021_0812002,2017_0768151,1,undirected
2021_0812002,2021_0809815,1,undirected
2021_0812185,2014_0723624,6,undirected
2021_0812185,2015_0738993,4,undirected
2021_0812185,2017_0765189,3,undirected
2021_0812185,2019_0787906,2,undirected
2021_0812367,2006_0612675,2,undirected
2021_0812367,2007_0621526,3,undirected
2021_0812367,2009_0642509,1,undirected
2021_0812367,2011_0723240,1,undirected
2021_0812367,2013_0690159,3,undirected
2021_0812367,2015_0735099,1,undirected
2021_0812367,2018_0774506,3,undirected
2021_0812367,2019_0791321,2,undirected
2021_0812662,2016_0750437,2,undirected
2021_0812662,2017_0754540,5,undirected
2021_0812662,2021_0810691,2,undirected
2021_0812662,2022_0825396,1,undirected
2021_0812794,2017_0760159,3,undirected
2021_0812794,2018_0772999,1,undirected
2021_0812794,2020_0800575,3,undirected
2021_0813092,2011_0668451_A1,1,undirected
2021_0813092,2011_0672112_A1,2,undirected
2021_0813092,2016_0752009,1,undirected
2021_0813092,2018_0772044,5,undirected
2021_0813092,2019_0788573,1,undirected
2021_0813136,2008_0636424,2,undirected
2021_0813136,2014_0714083,4,undirected
2021_0813136,2016_0745369,3,undirected
2021_0813136,2016_0752018,3,undirected
2021_0813136,2023_0848442,2,undirected
2021_0813410,2011_0721877,2,undirected
2021_0813410,2012_0723276,1,undirected
2021_0813410,2013_0723683,3,undirected
2021_0813410,2014_0718562,2,undirected
2021_0813410,2016_0743832,6,undirected
2021_0813410,2018_0782154,2,undirected
2021_0813616,2012_0723275,1,undirected
2021_0813616,2013_0723683,2,undirected
2021_0813616,2021_0820517,2,undirected
2021_0813616,2023_0839234,5,undirected
2021_0815690,2013_0691665,5,undirected
2021_0815690,2014_0723684,2,undirected
2021_0815690,2016_0743832,1,undirected
2021_0815690,2021_0820685,2,undirected
2021_0815690,2022_0833641,2,undirected
2021_0815690,2023_0835973,2,undirected
2021_0815690,2023_0839234,3,undirected
2021_0815690,2023_0844412,1,undirected
2021_0816493,2013_0690834,1,undirected
2021_0816493,2017_0755725,2,undirected
2021_0816493,2017_0766419,6,undirected
2021_0816493,2021_0812001,2,undirected
2021_0817829,2011_0676418_A1,2,undirected
2021_0817829,2022_0825705,4,undirected
2021_0817829,2023_0840929,6,undirected
2021_0817829,2023_0849125,1,undirected
2021_0819011,2010_0658176,2,undirected
2021_0819011,2015_0736348,3,undirected
2021_0819011,2017_0769021,1,undirected
2021_0819011,2019_0795030,5,undirected
2021_0819011,2022_0825396,1,undirected
2021_0819811,2014_0717457,1,undirected
2021_0819811,2015_0725033,6,undirected
2021_0819811,2018_0772999,3,undirected
2021_0819811,2020_0800281,1,undirected
2021_0819811,2022_0825487,2,undirected
2021_0820517,2014_0723816,1,undirected
2021_0820517,2021_0813616,2,undirected
2021_0820517,2022_0825991,3,undirected
2021_0820685,2008_0628716,3,undirected
2021_0820685,2020_0802764,1,undirected
2021_0820685,2021_0815690,2,undirected
2022_0821352,2013_0693987,2,undirected
2022_0821352,2019_0787271,3,undirected
2022_0821352,2021_0810623,4,undirected
2022_0821775,2008_0635667,2,undirected
2022_0821775,2008_0636424,3,undirected
2022_0821775,2011_0721877,1,undirected
2022_0821801,2013_0690270,1,undirected
2022_0821801,2014_0708925,3,undirected
2022_0821801,2016_0745604,4,undirected
2022_0821801,2022_0825848,1,undirected
2022_0821801,2022_0830828,3,undirected
2022_0822350,2007_0615729,2,undirected
2022_0822350,2007_0619316,1,undirected
2022_0822350,2009_0725149,3,undirected
2022_0823199,2007_0615729,1,undirected
2022_0823199,2007_0619316,4,undirected
2022_0823199,2009_0719783,6,undirected
2022_0823199,2014_0708668,3,undirected
2022_0823199,2016_0745008,2,undirected
2022_0823199,2017_0757806,2,undirected
2022_0823199,2022_0833110,2,undirected
2022_0823200,2013_0700961,3,undirected
2022_0823200,2014_0714046,2,undirected
2022_0823200,2016_0750760,1,undirected
2022_0823200,2017_0766420,2,undirected
2022_0823200,2018_0774382,3,undirected
2022_0823200,2018_0781143,2,undirected
2022_0823200,2022_0830686,3,undirected
2022_0823200,2023_0835973,1,undirected
2022_0823755,2010_0657687,3,undirected
2022_0823755,2016_0752780,3,undirected
2022_0823755,2018_0770411,2,undirected
2022_0823755,2019_0793886,3,undirected
2022_0823755,2022_0825705,1,undirected
2022_0823755,2023_0834878,2,undirected
2022_0824003,2017_0755725,5,undirected
2022_0824003,2017_0756238,1,undirected
2022_0824003,2019_0786696,6,undirected
2022_0824040,2008_0635587,2,undirected
2022_0824040,2013_0699591,1,undirected
2022_0824040,2020_0802619,3,undirected
2022_0824284,2011_0721877,3,undirected
2022_0824284,2012_0702670,1,undirected
2022_0824284,2017_0754206,2,undirected
2022_0825396,2014_0717457,2,undirected
2022_0825396,2018_0777460,1,undirected
2022_0825396,2019_0795030,1,undirected
2022_0825396,2021_0812662,1,undirected
2022_0825396,2021_0819011,1,undirected
2022_0825396,2022_0833110,3,undirected
2022_0825396,2023_0835764,6,undirected
2022_0825487,2015_0725033,2,undirected
2022_0825487,2019_0791109,3,undirected
2022_0825487,2020_0802764,6,undirected
2022_0825487,2021_0819811,2,undirected
2022_0825487,2022_0825705,5,undirected
2022_0825705,2021_0817829,4,undirected
2022_0825705,2022_0823755,1,undirected
2022_0825705,2022_0825487,5,undirected
2022_0825848,2020_0802764,4,undirected
2022_0825848,2022_0821801,1,undirected
2022_0825848,2023_0840513,6,undirected
2022_0825991,2007_0626526,2,undirected
2022_0825991,2010_0724378,3,undirected
2022_0825991,2015_0742504,1,undirected
2022_0825991,2021_0820517,3,undirected
2022_0825991,2022_0833509,3,undirected
2022_0825991,2023_0839234,2,undirected
2022_0825992,2007_0616257,4,undirected
2022_0825992,2009_0645613,3,undirected
2022_0825992,2016_0740516,2,undirected
2022_0825992,2016_0743837,3,undirected
2022_0825992,2016_0748506,2,undirected
2022_0826596,2010_0656183,2,undirected
2022_0826596,2018_0783905,4,undirected
2022_0826596,2021_0810915,2,undirected
2022_0826596,2023_0835106,4,undirected
2022_0826706,2016_0748506,4,undirected
2022_0826706,2018_0774148,2,undirected
2022_0826706,2020_0800281,6,undirected
2022_0826706,2020_0801365,1,undirected
2022_0827264,2006_0610357,2,undirected
2022_0827264,2017_0760943,3,undirected
2022_0827264,2019_0789215,1,undirected
2022_0828322,2009_0644352,3,undirected
2022_0828322,2015_0733108,2,undirected
2022_0828322,2018_0783354,1,undirected
2022_0828496,2009_0638953,1,undirected
2022_0828496,2010_0665553,4,undirected
2022_0828496,2011_0677018_A1,3,undirected
2022_0829243,2009_0645807,3,undirected
2022_0829243,2014_0723624,1,undirected
2022_0829243,2015_0724690,2,undirected
2022_0829243,2016_0751977,4,undirected
2022_0829243,2020_0806040,2,undirected
2022_0829243,2021_0809997,1,undirected
2022_0830257,2006_0605326,3,undirected
2022_0830257,2015_0727430,2,undirected
2022_0830257,2016_0744196,1,undirected
2022_0830257,2017_0759636,3,undirected
2022_0830257,2019_0791109,1,undirected
2022_0830257,2019_0793886,2,undirected
2022_0830257,2021_0810970,5,undirected
2022_0830686,2010_0658130,2,undirected
2022_0830686,2013_0696151,2,undirected
2022_0830686,2014_0707750,3,undirected
2022_0830686,2022_0823200,3,undirected
2022_0830828,2011_0676189_A1,3,undirected
2022_0830828,2022_0821801,3,undirected
2022_0830828,2023_0848005,3,undirected
2022_0831470,2007_0616257,2,undirected
2022_0831470,2016_0740516,1,undirected
2022_0831470,2016_0743837,6,undirected
2022_0831470,2017_0755721,2,undirected
2022_0831470,2023_0848268,1,undirected
2022_0831982,2010_0724378,3,undirected
2022_0831982,2015_0738830,1,undirected
2022_0831982,2016_0741744,2,undirected
2022_0831983,2008_0638048,2,undirected
2022_0831983,2011_0721877,1,undirected
2022_0831983,2018_0783844,6,undirected
2022_0833110,2017_0755725,1,undirected
2022_0833110,2022_0823199,2,undirected
2022_0833110,2022_0825396,3,undirected
2022_0833151,2009_0644523,2,undirected
2022_0833151,2016_0751449,3,undirected
2022_0833151,2018_0780757,1,undirected
2022_0833151,2019_0790028,3,undirected
2022_0833220,2008_0635667,3,undirected
2022_0833220,2010_0655349,2,undirected
2022_0833220,2014_0723682,2,undirected
2022_0833220,2014_0723715,3,undirected
2022_0833220,2014_0723775,2,undirected
2022_0833220,2021_0811461,2,undirected
2022_0833220,2023_0839234,1,undirected
2022_0833509,2010_0724378,1,undirected
2022_0833509,2014_0723775,2,undirected
2022_0833509,2018_0777460,2,undirected
2022_0833509,2022_0825991,3,undirected
2022_0833509,2023_0848005,1,undirected
2022_0833641,2016_0739777,4,undirected
2022_0833641,2016_0750717,6,undirected
2022_0833641,2018_0781143,1,undirected
2022_0833641,2021_0815690,2,undirected
2022_0838529,2014_0714271,1,undirected
2022_0838529,2020_0800073,2,undirected
2022_0838529,2023_0842757,6,undirected
2022_0840512,2006_0605505,1,undirected
2022_0840512,2013_0723683,3,undirected
2022_0840512,2023_0840793,2,undirected
2023_0833910,2006_0607538,6,undirected
2023_0833910,2021_0806629,5,undirected
2023_0833910,2021_0810622,1,undirected
2023_0833910,2023_0849461,1,undirected
2023_0834137,2008_0629932,3,undirected
2023_0834137,2018_0771902,1,undirected
2023_0834137,2019_0791321,2,undirected
2023_0834775,2011_0723240,2,undirected
2023_0834775,2012_0702399,2,undirected
2023_0834775,2017_0759014,2,undirected
2023_0834775,2019_0788753,1,undirected
2023_0834775,2023_0847028,5,undirected
2023_0834878,2006_0612272,4,undirected
2023_0834878,2007_0624813,1,undirected
2023_0834878,2009_0646356,3,undirected
2023_0834878,2011_0723240,2,undirected
2023_0834878,2013_0699591,3,undirected
2023_0834878,2015_0736348,4,undirected
2023_0834878,2018_0782945,2,undirected
2023_0834878,2020_0800073,2,undirected
2023_0834878,2022_0823755,2,undirected
2023_0834980,2011_0721831,3,undirected
2023_0834980,2012_0681675,1,undirected
2023_0834980,2013_0723719,1,undirected
2023_0834980,2014_0723682,2,undirected
2023_0835106,2016_0750437,1,undirected
2023_0835106,2017_0754148,3,undirected
2023_0835106,2018_0772044,1,undirected
2023_0835106,2022_0826596,4,undirected
2023_0835764,2012_0701956,4,undirected
2023_0835764,2022_0825396,6,undirected
2023_0835764,2023_0849461,1,undirected
2023_0835829,2014_0709610,1,undirected
2023_0835829,2016_0739777,1,undirected
2023_0835829,2016_0745038,6,undirected
2023_0835829,2021_0810623,1,undirected
2023_0835829,2021_0811635,2,undirected
2023_0835973,2014_0713809,3,undirected
2023_0835973,2021_0815690,2,undirected
2023_0835973,2022_0823200,1,undirected
2023_0836668,2007_0615718,1,undirected
2023_0836668,2010_0725150,3,undirected
2023_0836668,2011_0721875,2,undirected
2023_0837074,2020_0800281,1,undirected
2023_0837074,2023_0840472,5,undirected
2023_0837074,2023_0840929,2,undirected
2023_0839234,2007_0621272,3,undirected
2023_0839234,2010_0724378,2,undirected
2023_0839234,2014_0723625,1,undirected
2023_0839234,2014_0723715,3,undirected
2023_0839234,2015_0742504,2,undirected
2023_0839234,2015_0742641,1,undirected
2023_0839234,2017_0768151,3,undirected
2023_0839234,2021_0813616,5,undirected
2023_0839234,2021_0815690,3,undirected
2023_0839234,2022_0825991,2,undirected
2023_0839234,2022_0833220,1,undirected
2023_0839234,2023_0840793,3,undirected
2023_0840472,2019_0788300,3,undirected
2023_0840472,2023_0837074,5,undirected
2023_0840472,2023_0840929,1,undirected
2023_0840513,2018_0772044,2,undirected
2023_0840513,2019_0795604,1,undirected
2023_0840513,2022_0825848,6,undirected
2023_0840793,2008_0719090,5,undirected
2023_0840793,2014_0723682,1,undirected
2023_0840793,2014_0723816,1,undirected
2023_0840793,2016_0743828,1,undirected
2023_0840793,2022_0840512,2,undirected
2023_0840793,2023_0839234,3,undirected
2023_0840929,2015_0727430,2,undirected
2023_0840929,2019_0785180,3,undirected
2023_0840929,2021_0817829,6,undirected
2023_0840929,2023_0837074,2,undirected
2023_0840929,2023_0840472,1,undirected
2023_0842479,2007_0626526,4,undirected
2023_0842479,2008_0632795,3,undirected
2023_0842479,2011_0680884_A1,3,undirected
2023_0842479,2011_0721877,3,undirected
2023_0842757,2019_0787405,2,undirected
2023_0842757,2019_0788816,1,undirected
2023_0842757,2022_0838529,6,undirected
2023_0842897,2006_0610357,6,undirected
2023_0842897,2008_0635124,3,undirected
2023_0842897,2012_0700125,1,undirected
2023_0842897,2012_0725346,4,undirected
2023_0842897,2014_0722160,1,undirected
2023_0842897,2017_0755175,2,undirected
2023_0842897,2018_0770411,3,undirected
2023_0844412,2014_0723625,2,undirected
2023_0844412,2020_0802764,4,undirected
2023_0844412,2021_0815690,1,undirected
2023_0846594,2015_0725033,3,undirected
2023_0846594,2018_0771782,2,undirected
2023_0846594,2019_0785180,1,undirected
2023_0846649,2017_0755175,2,undirected
2023_0846649,2018_0772999,1,undirected
2023_0846649,2021_0812001,6,undirected
2023_0847028,2009_0719783,1,undirected
2023_0847028,2011_0723240,3,undirected
2023_0847028,2013_0693987,2,undirected
2023_0847028,2015_0738830,1,undirected
2023_0847028,2023_0834775,5,undirected
2023_0848005,2016_0739951,6,undirected
2023_0848005,2017_0754540,1,undirected
2023_0848005,2019_0789216,2,undirected
2023_0848005,2022_0830828,3,undirected
2023_0848005,2022_0833509,1,undirected
2023_0848268,2008_0628716,6,undirected
2023_0848268,2014_0713809,4,undirected
2023_0848268,2022_0831470,1,undirected
2023_0848442,2015_0738360,1,undirected
2023_0848442,2020_0804810,5,undirected
2023_0848442,2021_0813136,2,undirected
2023_0849125,2006_0604231,6,undirected
2023_0849125,2009_0651849,4,undirected
2023_0849125,2020_0800073,1,undirected
2023_0849125,2021_0817829,1,undirected
2023_0849461,2008_0628716,4,undirected
2023_0849461,2018_0775415,1,undirected
2023_0849461,2019_0788816,6,undirected
2023_0849461,2023_0833910,1,undirected
2023_0849461,2023_0835764,1,undirected
2023_0849882,2011_0723240,3,undirected
2023_0849882,2018_0771902,1,undirected
2023_0849882,2018_0781189,2,undirected
